Ana Kategori,Kategori,Ürün Grubu,komisyon,vade,Komisyon_%_KDV_Dahil,Uygulanan_Komisyon_%_KDV_Dahil
Aksesuar,Aksesuar,Atkı,"18,0%",Teslimat +28 Gün,18.0,18.0
Aksesuar,Aksesuar,Atkı & Bere & Eldiven Set,"18,0%",Teslimat +28 Gün,18.0,18.0
Aksesuar,Aksesuar,Bere,"18,0%",Teslimat +28 Gün,18.0,18.0
Aksesuar,Aksesuar,Boyunluk,"18,0%",Teslimat +28 Gün,18.0,18.0
Aksesuar,Aksesuar,Eldiven,"18,0%",Teslimat +28 Gün,18.0,18.0
Aksesuar,Aksesuar,Kemer,"18,0%",Teslimat +28 Gün,18.0,18.0
Aksesuar,Aksesuar,Kol düğmesi,"18,0%",Teslimat +28 Gün,18.0,18.0
Aksesuar,Aksesuar,Kravat & Pantolon askısı,"18,0%",Teslimat +28 Gün,18.0,18.0
Aksesuar,Aksesuar,Saç aksesuarı,"18,0%",Teslimat +28 Gün,18.0,18.0
Aksesuar,Aksesuar,Şapka,"18,0%",Teslimat +28 Gün,18.0,18.0
Aksesuar,Altın / Takı / Mücevher,Bijuteri Bileklik,"18,0%",Teslimat +28 Gün,18.0,18.0
Aksesuar,Altın / Takı / Mücevher,Bijuteri Kolye,"18,0%",Teslimat +28 Gün,18.0,18.0
Aksesuar,Altın / Takı / Mücevher,Choker,"18,0%",Teslimat +28 Gün,18.0,18.0
Aksesuar,Altın / Takı / Mücevher,Gümüş Bileklik,"18,0%",Teslimat +28 Gün,18.0,18.0
Aksesuar,Altın / Takı / Mücevher,Gümüş Kolye,"18,0%",Teslimat +28 Gün,18.0,18.0
Aksesuar,Altın / Takı / Mücevher,Gümüş Küpe,"18,0%",Teslimat +28 Gün,18.0,18.0
Aksesuar,Altın / Takı / Mücevher,Halhal&Ayak Aksesuarları,"18,0%",Teslimat +28 Gün,18.0,18.0
Aksesuar,Altın / Takı / Mücevher,Çelik Bileklik,"18,0%",Teslimat +28 Gün,18.0,18.0
Aksesuar,Altın / Takı / Mücevher,Çelik Kolye,"18,0%",Teslimat +28 Gün,18.0,18.0
Aksesuar,Saat/Gözlük,Duvar Saatleri,"18,0%",Teslimat +28 Gün,18.0,18.0
Aksesuar,Saat/Gözlük,Güneş Gözlüğü,"18,0%",Teslimat +28 Gün,18.0,18.0
Aksesuar,Saat/Gözlük,Kol Saatleri,"18,0%",Teslimat +28 Gün,18.0,18.0
Aksesuar,Saat/Gözlük,Saat Aksesuarları,"18,0%",Teslimat +28 Gün,18.0,18.0
Altın,Altın Yatırım,Gram Altın,"4,0%",Teslimat +28 Gün,4.0,4.0
Altın,Altın Yatırım,Hesaba Altın,"4,0%",Teslimat +28 Gün,4.0,4.0
Altın,Altın Yatırım,Tam Altın,"4,0%",Teslimat +28 Gün,4.0,4.0
Altın,Altın Yatırım,Yarım Altın,"4,0%",Teslimat +28 Gün,4.0,4.0
Altın,Altın Yatırım,Çeyrek Altın,"4,0%",Teslimat +28 Gün,4.0,4.0
Anne Bebek Ürünleri,Anne / Bebek Bakım,Aktivite setleri,"16,0%",Teslimat +28 Gün,16.0,16.0
Anne Bebek Ürünleri,Anne / Bebek Bakım,Ana kucağı ve Oto Koltuğu,"16,0%",Teslimat +28 Gün,16.0,16.0
Anne Bebek Ürünleri,Anne / Bebek Bakım,Bebek Bezi,"12,5%",Teslimat +28 Gün,12.5,12.5
Anne Bebek Ürünleri,Anne / Bebek Bakım,Bebek Güvenlik,"16,0%",Teslimat +28 Gün,16.0,16.0
Anne Bebek Ürünleri,Anne / Bebek Bakım,Bebek Nevresim Takımları,"16,0%",Teslimat +28 Gün,16.0,16.0
Anne Bebek Ürünleri,Anne / Bebek Bakım,Islak Mendil,"12,5%",Teslimat +28 Gün,12.5,12.5
Anne Bebek Ürünleri,Anne / Bebek Bakım,Mayo Bebek Bezi,"12,5%",Teslimat +28 Gün,12.5,12.5
Anne Bebek Ürünleri,Anne / Bebek Bakım,Süt Arttırıcı,"16,0%",Teslimat +28 Gün,16.0,16.0
Anne Bebek Ürünleri,Anne / Bebek Bakım,Uyku Setleri Bebek bakım,"16,0%",Teslimat +28 Gün,16.0,16.0
Ayakkabı,Ayakkabı,Babet,"18,0%",Teslimat +28 Gün,18.0,18.0
Ayakkabı,Ayakkabı,Bot,"18,0%",Teslimat +28 Gün,18.0,18.0
Ayakkabı,Ayakkabı,Erkek Ayakkabı,"18,0%",Teslimat +28 Gün,18.0,18.0
Ayakkabı,Ayakkabı,Kadın Ayakkabı,"18,0%",Teslimat +28 Gün,18.0,18.0
Ayakkabı,Ayakkabı,Koşu,"18,0%",Teslimat +28 Gün,18.0,18.0
Ayakkabı,Ayakkabı,Outdoor Ayakkabı,"18,0%",Teslimat +28 Gün,18.0,18.0
Ayakkabı,Ayakkabı,Spor Ayakkabı (Günlük,"18,0%",Teslimat +28 Gün,18.0,18.0
Ayakkabı,Ayakkabı,Spor Branşlar),"18,0%",Teslimat +28 Gün,18.0,18.0
Ayakkabı,Ayakkabı,Terlik,"18,0%",Teslimat +28 Gün,18.0,18.0
Ayakkabı,Ayakkabı,Çizme,"18,0%",Teslimat +28 Gün,18.0,18.0
Bahçe,Bahçe Dekorasyon ve Bakım,Bahçe Dekorasyonu,"17,0%",Teslimat +28 Gün,17.0,17.0
Bahçe,Bahçe Dekorasyon ve Bakım,Bahçe Kovucular,"17,0%",Teslimat +28 Gün,17.0,17.0
Bahçe,Bahçe Dekorasyon ve Bakım,Havuz Ürünleri,"17,0%",Teslimat +28 Gün,17.0,17.0
Bahçe,Bahçe Dekorasyon ve Bakım,Çiçek Bakım & Bitki Yetiştirme,"20,0%",Teslimat +28 Gün,20.0,20.0
Bahçe,Bahçe Makineleri,Bahçe makineleri,"14,0%",Teslimat +28 Gün,14.0,14.0
Bahçe,Bahçe Makineleri,Elektrikli El aletleri,"14,0%",Teslimat +28 Gün,14.0,14.0
Bahçe,Bahçe Mobilyası,Bahçe Masası,"18,0%",Teslimat +28 Gün,18.0,18.0
Bahçe,Bahçe Mobilyası,Bahçe Oturma Grubu,"18,0%",Teslimat +28 Gün,18.0,18.0
Bahçe,Bahçe Mobilyası,Bahçe Salıncağı,"18,0%",Teslimat +28 Gün,18.0,18.0
Bahçe,Bahçe Mobilyası,Bahçe Sandalyesi,"18,0%",Teslimat +28 Gün,18.0,18.0
Bahçe,Bahçe Mobilyası,Hamak,"18,0%",Teslimat +28 Gün,18.0,18.0
Bahçe,Bahçe Mobilyası,Minder,"18,0%",Teslimat +28 Gün,18.0,18.0
Bahçe,Bahçe Mobilyası,Puf,"18,0%",Teslimat +28 Gün,18.0,18.0
Bahçe,Bahçe Mobilyası,Şezlong,"18,0%",Teslimat +28 Gün,18.0,18.0
Bahçe,Bungalov Ev,Ahşap Çocuk Oyun Evi,"9,0%",Teslimat +28 Gün,9.0,9.0
Bahçe,Bungalov Ev,Bungalov Ev,"9,0%",Teslimat +28 Gün,9.0,9.0
Bahçe,Mangal / Barbekü,Mangal / Barbekü,"15,0%",Teslimat +28 Gün,15.0,15.0
Bahçe,Mangal / Barbekü,Mangal Aksesuarları,"15,0%",Teslimat +28 Gün,15.0,15.0
Bahçe,Mangal / Barbekü,Piknik Seti,"15,0%",Teslimat +28 Gün,15.0,15.0
Bilgisayar,"Ağ/Modem, Akıllı Ev",Modemler,"10,0%",Teslimat +28 Gün,10.0,10.0
Bilgisayar,"Ağ/Modem, Akıllı Ev",Network Aksesuarları,"10,0%",Teslimat +28 Gün,10.0,10.0
Bilgisayar,"Ağ/Modem, Akıllı Ev",Wireless Adaptör,"10,0%",Teslimat +28 Gün,10.0,10.0
Bilgisayar,Bilgisayar Bileşenleri,Ana Kart,"8,5%",Teslimat +28 Gün,8.5,8.5
Bilgisayar,Bilgisayar Bileşenleri,Barkod Etiketi,"10,0%",Teslimat +28 Gün,10.0,10.0
Bilgisayar,Bilgisayar Bileşenleri,Bilgisayar Kasaları,"8,5%",Teslimat +28 Gün,8.5,8.5
Bilgisayar,Bilgisayar Bileşenleri,Dijital Yayın Paketleri,"15,0%",Teslimat +28 Gün,15.0,15.0
Bilgisayar,Bilgisayar Bileşenleri,Ek Güvence Paketleri TV,"15,0%",Teslimat +28 Gün,15.0,15.0
Bilgisayar,Bilgisayar Bileşenleri,Ekran kartı,"8,5%",Teslimat +28 Gün,8.5,8.5
Bilgisayar,Bilgisayar Bileşenleri,Masaüstü Bilgisayar,"7,0%",Teslimat +28 Gün,7.0,7.0
Bilgisayar,Bilgisayar Bileşenleri,Ram,"8,5%",Teslimat +28 Gün,8.5,8.5
Bilgisayar,Bilgisayar Bileşenleri,Ribon,"10,0%",Teslimat +28 Gün,10.0,10.0
Bilgisayar,Bilgisayar Bileşenleri,Serverlar,"7,0%",Teslimat +28 Gün,7.0,7.0
Bilgisayar,Bilgisayar Bileşenleri,Yazıcı Şeritleri,"10,0%",Teslimat +28 Gün,10.0,10.0
Bilgisayar,Bilgisayar Bileşenleri,İşlemciler,"8,5%",Teslimat +28 Gün,8.5,8.5
Bilgisayar,Bilgisayar Bileşenleri & Çevre Birimleri,SSD,"8,5%",Teslimat +28 Gün,8.5,8.5
Bilgisayar,Bilgisayar Bileşenleri & Çevre Birimleri,Taşınabilir SSD,"8,5%",Teslimat +28 Gün,8.5,8.5
Bilgisayar,Projeksiyon & Aksesuarları,Projeksiyon Aksesuarları,"12,0%",Teslimat +28 Gün,12.0,12.0
Bilgisayar,Projeksiyon & Aksesuarları,Projeksiyon Cihazı,"11,0%",Teslimat +28 Gün,11.0,11.0
Bilgisayar,Taşınabilir Bilgisayar,Mini PC,"6,0%",Teslimat +28 Gün,6.0,6.0
Bilgisayar,Taşınabilir Bilgisayar,Monitör PC (All-in-One),"6,0%",Teslimat +28 Gün,6.0,6.0
Bilgisayar,Taşınabilir Bilgisayar,Taşınabilir Bilgisayar,"6,0%",Teslimat +28 Gün,6.0,6.0
Bilgisayar,Yazıcılar ve Aksesuarları,Drum,"12,0%",Teslimat +28 Gün,12.0,12.0
Bilgisayar,Yazıcılar ve Aksesuarları,Kartuş,"12,0%",Teslimat +28 Gün,12.0,12.0
Bilgisayar,Yazıcılar ve Aksesuarları,Toner,"12,0%",Teslimat +28 Gün,12.0,12.0
Bilgisayar,Yazıcılar ve Aksesuarları,Yazıcı Yedek Parça & Aksesuarları,"12,0%",Teslimat +28 Gün,12.0,12.0
Bilgisayar,Yazıcılar ve Aksesuarları,Yazıcılar,"8,5%",Teslimat +28 Gün,8.5,8.5
Bilgisayar,Yazılım,Antivirüs,"10,0%",Teslimat +28 Gün,10.0,10.0
Bilgisayar,Yazılım,Microsoft Yazılımlar,"10,0%",Teslimat +28 Gün,10.0,10.0
Bilgisayar,Yazılım,Office Yazılımları,"10,0%",Teslimat +28 Gün,10.0,10.0
Bilgisayar,Yazılım,Online Lisans,"10,0%",Teslimat +28 Gün,10.0,10.0
Bilgisayar,Yazılım,Ticari Yazılımlar,"10,0%",Teslimat +28 Gün,10.0,10.0
Bilgisayar,Yazılım,Yazılım,"10,0%",Teslimat +28 Gün,10.0,10.0
Bilgisayar,Çevre Birimleri,Adaptörler,"12,0%",Teslimat +28 Gün,12.0,12.0
Bilgisayar,Çevre Birimleri,Bluetooth Ürünler,"10,0%",Teslimat +28 Gün,10.0,10.0
Bilgisayar,Çevre Birimleri,Dvd/Hdd Kasaları,"12,0%",Teslimat +28 Gün,12.0,12.0
Bilgisayar,Çevre Birimleri,Hard Diskler,"10,0%",Teslimat +28 Gün,10.0,10.0
Bilgisayar,Çevre Birimleri,Klavye & Mouse ve Setler,"10,0%",Teslimat +28 Gün,10.0,10.0
Bilgisayar,Çevre Birimleri,Mouse Pad,"12,0%",Teslimat +28 Gün,12.0,12.0
Bilgisayar,Çevre Birimleri,Taşınabilir Disk,"10,0%",Teslimat +28 Gün,10.0,10.0
Bilgisayar,Çevre Birimleri,Taşınabilir Disk Aksesuarları,"12,0%",Teslimat +28 Gün,12.0,12.0
Bilgisayar,Çevre Birimleri,Usb / Firewire Ürünleri,"12,0%",Teslimat +28 Gün,12.0,12.0
Bilgisayar,Çevre Birimleri,Usb Bellek,"10,0%",Teslimat +28 Gün,10.0,10.0
Cep Telefonu,Cep Telefonu,Android Telefonlar,"4,5%",Teslimat +14 Gün,4.5,4.5
Cep Telefonu,Cep Telefonu,Cep Telefonları,"4,5%",Teslimat +14 Gün,4.5,4.5
Cep Telefonu,Cep Telefonu,Diğer (tuşlu ) Telefonlar,"7,0%",Teslimat +14 Gün,7.0,7.0
Cep Telefonu,Cep Telefonu,Iphone,"4,5%",Teslimat +14 Gün,4.5,4.5
Cep Telefonu,Cep Telefonu,İkinci El Telefon,"7,0%",Teslimat +14 Gün,7.0,7.0
Cep Telefonu,Tablet,Galaxy Tablet,"5,0%",Teslimat +14 Gün,5.0,5.0
Cep Telefonu,Tablet,Ipad,"5,0%",Teslimat +14 Gün,5.0,5.0
Cep Telefonu,Tablet,Tabletler,"5,0%",Teslimat +14 Gün,5.0,5.0
Cep Telefonu aksesuarları,Akıllı Saat-Bileklik & Bluetooth Kulaklıklar,Akıllı Bileklik,"12,5%",Teslimat +28 Gün,12.5,12.5
Cep Telefonu aksesuarları,Akıllı Saat-Bileklik & Bluetooth Kulaklıklar,Akıllı Saatler,"12,5%",Teslimat +28 Gün,12.5,12.5
Cep Telefonu aksesuarları,Akıllı Saat-Bileklik & Bluetooth Kulaklıklar,Bluetooth Kulaklıklar,"12,5%",Teslimat +28 Gün,12.5,12.5
Cep Telefonu aksesuarları,Cep Telefonu Aksesuarları 1,Grafik Tabletler,"14,0%",Teslimat +28 Gün,14.0,14.0
Cep Telefonu aksesuarları,Cep Telefonu Aksesuarları 1,Kulak Üstü Kulaklık,"14,0%",Teslimat +28 Gün,14.0,14.0
Cep Telefonu aksesuarları,Cep Telefonu Aksesuarları 1,Kulak İçi Kulaklık,"14,0%",Teslimat +28 Gün,14.0,14.0
Cep Telefonu aksesuarları,Cep Telefonu Aksesuarları 1,Taşınabilir Hoparlörler,"14,0%",Teslimat +28 Gün,14.0,14.0
Cep Telefonu aksesuarları,Cep Telefonu Aksesuarları 2,Akıllı Gözlükler Sanal Gerçeklik Gözlüğü,"15,0%",Teslimat +28 Gün,15.0,15.0
Cep Telefonu aksesuarları,Cep Telefonu Aksesuarları 2,Akıllı Saat ve Bileklik Aksesuarları,"15,0%",Teslimat +28 Gün,15.0,15.0
Cep Telefonu aksesuarları,Cep Telefonu Aksesuarları 2,Araç İçi Telefon Tutacakları,"15,0%",Teslimat +28 Gün,15.0,15.0
Cep Telefonu aksesuarları,Cep Telefonu Aksesuarları 2,Araç Şarj Cihazları,"15,0%",Teslimat +28 Gün,15.0,15.0
Cep Telefonu aksesuarları,Cep Telefonu Aksesuarları 2,Bluetooth Araç Kitleri,"15,0%",Teslimat +28 Gün,15.0,15.0
Cep Telefonu aksesuarları,Cep Telefonu Aksesuarları 2,Bluetooth Kulaklık Aksesuarları,"15,0%",Teslimat +28 Gün,15.0,15.0
Cep Telefonu aksesuarları,Cep Telefonu Aksesuarları 2,Kulaklık Aksesuarları,"15,0%",Teslimat +28 Gün,15.0,15.0
Cep Telefonu aksesuarları,Cep Telefonu Aksesuarları 2,Taşınabilir Şarj Cihazları,"15,0%",Teslimat +28 Gün,15.0,15.0
Cep Telefonu aksesuarları,Cep Telefonu Aksesuarları 2,Telefon Kulaklıkları,"15,0%",Teslimat +28 Gün,15.0,15.0
Cep Telefonu aksesuarları,Cep Telefonu Aksesuarları 3,Data&Şarj Kabloları,"18,0%",Teslimat +28 Gün,18.0,18.0
Cep Telefonu aksesuarları,Cep Telefonu Aksesuarları 3,Notebook Aksesuarları,"18,0%",Teslimat +28 Gün,18.0,18.0
Cep Telefonu aksesuarları,Cep Telefonu Aksesuarları 4,Notebook Çantası,"20,0%",Teslimat +28 Gün,20.0,20.0
Cep Telefonu aksesuarları,Cep Telefonu Aksesuarları 4,Tablet Aksesuarları,"20,0%",Teslimat +28 Gün,20.0,20.0
Cep Telefonu aksesuarları,Cep Telefonu Aksesuarları 5,Batarya,"23,0%",Teslimat +28 Gün,23.0,23.0
Cep Telefonu aksesuarları,Cep Telefonu Aksesuarları 5,Cep Telefonu Yedek Parçaları,"23,0%",Teslimat +28 Gün,23.0,23.0
Cep Telefonu aksesuarları,Cep Telefonu Aksesuarları 5,Selfie Çubuğu,"23,0%",Teslimat +28 Gün,23.0,23.0
Cep Telefonu aksesuarları,Cep Telefonu Aksesuarları 5,Telefon Kılıflar,"23,0%",Teslimat +28 Gün,23.0,23.0
Cep Telefonu aksesuarları,Cep Telefonu Aksesuarları 5,Telefon Oyun Aksesuarları,"23,0%",Teslimat +28 Gün,23.0,23.0
Cep Telefonu aksesuarları,Telsiz Masaüstü Telefonlar,Dect Telsiz Telefon ve Aksesuarları,"14,0%",Teslimat +28 Gün,14.0,14.0
Cep Telefonu aksesuarları,Telsiz Masaüstü Telefonlar,GPS Takip Cihazları,"14,0%",Teslimat +28 Gün,14.0,14.0
Cep Telefonu aksesuarları,Telsiz Masaüstü Telefonlar,Lisanssız Telsizler,"14,0%",Teslimat +28 Gün,14.0,14.0
Cep Telefonu aksesuarları,Telsiz Masaüstü Telefonlar,Operatör Başlıkları,"14,0%",Teslimat +28 Gün,14.0,14.0
Cep Telefonu aksesuarları,Telsiz Masaüstü Telefonlar,Sabit Telefon ve Aksesuarları,"14,0%",Teslimat +28 Gün,14.0,14.0
Cep Telefonu aksesuarları,Telsiz Masaüstü Telefonlar,Telefon Santrali ve Aksesuarları,"14,0%",Teslimat +28 Gün,14.0,14.0
Cilt Bakımı,Cilt Bakım / Saç Bakım,Cilt Bakım Seti & Ürünleri,"15,0%",Teslimat +28 Gün,15.0,15.0
Cilt Bakımı,Cilt Bakım / Saç Bakım,Güneş Koruma ve Sonrası,"15,0%",Teslimat +28 Gün,15.0,15.0
Cilt Bakımı,Cilt Bakım / Saç Bakım,Peruk,"15,0%",Teslimat +28 Gün,15.0,15.0
Cilt Bakımı,Cilt Bakım / Saç Bakım,Saç Boyası,"15,0%",Teslimat +28 Gün,15.0,15.0
Cilt Bakımı,Cilt Bakım / Saç Bakım,Saç bakımı,"15,0%",Teslimat +28 Gün,15.0,15.0
Cilt Bakımı,Cilt Bakım / Saç Bakım,Çıtçıt ve Postiş,"15,0%",Teslimat +28 Gün,15.0,15.0
Cilt Bakımı,Cilt Bakım / Saç Bakım,Şampuan,"15,0%",Teslimat +28 Gün,15.0,15.0
Dijital Ürünler,Dijital Ürünler 1,Aktivite,"8,5%",Teslimat +28 Gün,8.5,8.5
Dijital Ürünler,Dijital Ürünler 1,Digital Yayınlar,"8,5%",Teslimat +28 Gün,8.5,8.5
Dijital Ürünler,Dijital Ürünler 1,Dijital Dergi,"8,5%",Teslimat +28 Gün,8.5,8.5
Dijital Ürünler,Dijital Ürünler 1,Dijital Oyunlar,"8,5%",Teslimat +28 Gün,8.5,8.5
Dijital Ürünler,Dijital Ürünler 1,E-kitap,"8,5%",Teslimat +28 Gün,8.5,8.5
Dijital Ürünler,Dijital Ürünler 1,Etkinlik,"8,5%",Teslimat +28 Gün,8.5,8.5
Dijital Ürünler,Dijital Ürünler 1,Fırsat Menüleri,"8,5%",Teslimat +28 Gün,8.5,8.5
Dijital Ürünler,Dijital Ürünler 1,Online Lisans,"8,5%",Teslimat +28 Gün,8.5,8.5
Dijital Ürünler,Dijital Ürünler 1,Oyun Pinleri,"8,5%",Teslimat +28 Gün,8.5,8.5
Dijital Ürünler,Dijital Ürünler 1,Sinema Bileti,"8,5%",Teslimat +28 Gün,8.5,8.5
Dijital Ürünler,Dijital Ürünler 1,Spor Hizmet Online Eğitimler,"8,5%",Teslimat +28 Gün,8.5,8.5
Dijital Ürünler,Dijital Ürünler 2,Dizi,"10,0%",Teslimat +28 Gün,10.0,10.0
Dijital Ürünler,Dijital Ürünler 2,Film,"10,0%",Teslimat +28 Gün,10.0,10.0
Dijital Ürünler,Dijital Ürünler 2,Gezi & Tatil Turları,"10,0%",Teslimat +28 Gün,10.0,10.0
Dijital Ürünler,Dijital Ürünler 2,Kuru Temizleme,"10,0%",Teslimat +28 Gün,10.0,10.0
Dijital Ürünler,Dijital Ürünler 2,Sesli Kitap,"10,0%",Teslimat +28 Gün,10.0,10.0
Dijital Ürünler,Dijital Ürünler 2,Yayın Paketleri,"10,0%",Teslimat +28 Gün,10.0,10.0
Ev Bakım ve Temizlik,"Deterjanlar, Temizlik Malzemeleri, Kağıt Ürünleri ve Mutfak Sarf Malzemeleri",Kağıt Havlu,"12,5%",Teslimat +28 Gün,12.5,12.5
Ev Bakım ve Temizlik,"Deterjanlar, Temizlik Malzemeleri, Kağıt Ürünleri ve Mutfak Sarf Malzemeleri",Kullan At Ürünler,"12,5%",Teslimat +28 Gün,12.5,12.5
Ev Bakım ve Temizlik,"Deterjanlar, Temizlik Malzemeleri, Kağıt Ürünleri ve Mutfak Sarf Malzemeleri",Leke Çıkarıcılar,"12,5%",Teslimat +28 Gün,12.5,12.5
Ev Bakım ve Temizlik,"Deterjanlar, Temizlik Malzemeleri, Kağıt Ürünleri ve Mutfak Sarf Malzemeleri",Mop ve Temizlik Setleri,"12,5%",Teslimat +28 Gün,12.5,12.5
Ev Bakım ve Temizlik,"Deterjanlar, Temizlik Malzemeleri, Kağıt Ürünleri ve Mutfak Sarf Malzemeleri",Peçete,"12,5%",Teslimat +28 Gün,12.5,12.5
Ev Bakım ve Temizlik,"Deterjanlar, Temizlik Malzemeleri, Kağıt Ürünleri ve Mutfak Sarf Malzemeleri",Toz/Sıvı Deterjanlar,"12,5%",Teslimat +28 Gün,12.5,12.5
Ev Bakım ve Temizlik,"Deterjanlar, Temizlik Malzemeleri, Kağıt Ürünleri ve Mutfak Sarf Malzemeleri",Tuvalet Kağıdı,"12,5%",Teslimat +28 Gün,12.5,12.5
Ev Bakım ve Temizlik,"Deterjanlar, Temizlik Malzemeleri, Kağıt Ürünleri ve Mutfak Sarf Malzemeleri",Yumuşatıcılar,"12,5%",Teslimat +28 Gün,12.5,12.5
Ev Bakım ve Temizlik,"Deterjanlar, Temizlik Malzemeleri, Kağıt Ürünleri ve Mutfak Sarf Malzemeleri",Yüzey Temizleyiciler,"12,5%",Teslimat +28 Gün,12.5,12.5
Ev Bakım ve Temizlik,"Deterjanlar, Temizlik Malzemeleri, Kağıt Ürünleri ve Mutfak Sarf Malzemeleri",Yüzey ve Ortam Dezenfektanları,"12,5%",Teslimat +28 Gün,12.5,12.5
Ev Bakım ve Temizlik,"Deterjanlar, Temizlik Malzemeleri, Kağıt Ürünleri ve Mutfak Sarf Malzemeleri",Çamaşır ve Bulaşık Deterjanları & Kapsülleri,"12,5%",Teslimat +28 Gün,12.5,12.5
Ev Tekstili,Banyo Tekstili,Banyo Klozet Takımları,"18,0%",Teslimat +28 Gün,18.0,18.0
Ev Tekstili,Banyo Tekstili,Bornoz Setleri,"18,0%",Teslimat +28 Gün,18.0,18.0
Ev Tekstili,Banyo Tekstili,Havlular,"18,0%",Teslimat +28 Gün,18.0,18.0
Ev Tekstili,Halı & Kilim,Halı,"18,0%",Teslimat +28 Gün,18.0,18.0
Ev Tekstili,Halı & Kilim,Kilim,"18,0%",Teslimat +28 Gün,18.0,18.0
Ev Tekstili,Halı & Kilim,Yer Paspasları,"18,0%",Teslimat +28 Gün,18.0,18.0
Ev Tekstili,Halı & Kilim,Yolluklar,"18,0%",Teslimat +28 Gün,18.0,18.0
Ev Tekstili,Mutfak Tekstil,Fırın Eldivenleri,"18,0%",Teslimat +28 Gün,18.0,18.0
Ev Tekstili,Mutfak Tekstil,Masa Örtüleri,"18,0%",Teslimat +28 Gün,18.0,18.0
Ev Tekstili,Mutfak Tekstil,Mutfak Tekstili,"18,0%",Teslimat +28 Gün,18.0,18.0
Ev Tekstili,Mutfak Tekstil,Runner,"18,0%",Teslimat +28 Gün,18.0,18.0
Ev Tekstili,Yatak Odası Tekstili,Alez,"18,0%",Teslimat +28 Gün,18.0,18.0
Ev Tekstili,Yatak Odası Tekstili,Battaniyeler,"18,0%",Teslimat +28 Gün,18.0,18.0
Ev Tekstili,Yatak Odası Tekstili,Dekoratif Kırtlentler,"18,0%",Teslimat +28 Gün,18.0,18.0
Ev Tekstili,Yatak Odası Tekstili,Koltuk Örtüleri,"18,0%",Teslimat +28 Gün,18.0,18.0
Ev Tekstili,Yatak Odası Tekstili,Nevresim Takımları,"18,0%",Teslimat +28 Gün,18.0,18.0
Ev Tekstili,Yatak Odası Tekstili,Perdeler,"18,0%",Teslimat +28 Gün,18.0,18.0
Ev Tekstili,Yatak Odası Tekstili,Pike Takımları,"18,0%",Teslimat +28 Gün,18.0,18.0
Ev Tekstili,Yatak Odası Tekstili,Uyku Setleri,"18,0%",Teslimat +28 Gün,18.0,18.0
Ev Tekstili,Yatak Odası Tekstili,Yastıklar,"18,0%",Teslimat +28 Gün,18.0,18.0
Ev Tekstili,Yatak Odası Tekstili,Yatak Örtüleri,"18,0%",Teslimat +28 Gün,18.0,18.0
Ev Tekstili,Yatak Odası Tekstili,Yataklar,"18,0%",Teslimat +28 Gün,18.0,18.0
Ev Tekstili,Yatak Odası Tekstili,Yorganlar,"18,0%",Teslimat +28 Gün,18.0,18.0
Ev Tekstili,Yatak Odası Tekstili,Çarşaf ve Yastık Kılıfı,"18,0%",Teslimat +28 Gün,18.0,18.0
Film,Film,Film,"8,5%",Teslimat +28 Gün,8.5,8.5
Film,Film,Poster,"8,5%",Teslimat +28 Gün,8.5,8.5
Foto-Kamera,Aynasız SLR Fotoğraf Makineleri,Aynasız SLR Fotoğraf Makineleri,"5,0%",Teslimat +28 Gün,5.0,5.0
Foto-Kamera,Drone & Drone Aksesuarları,Drone,"10,0%",Teslimat +28 Gün,10.0,10.0
Foto-Kamera,Drone Aksesuarları,Aksesuarları,"15,0%",Teslimat +28 Gün,15.0,15.0
Foto-Kamera,Drone Aksesuarları,Drone Yedek Parçaları,"15,0%",Teslimat +28 Gün,15.0,15.0
Foto-Kamera,Fotoğraf Makineleri & Video Kameralar,Aksiyon Kameralar,"8,5%",Teslimat +28 Gün,8.5,8.5
Foto-Kamera,Fotoğraf Makineleri & Video Kameralar,Dijital Fotoğraf Makinası,"8,5%",Teslimat +28 Gün,8.5,8.5
Foto-Kamera,Fotoğraf Makineleri & Video Kameralar,Filmli Fotoğraf Makineleri,"8,5%",Teslimat +28 Gün,8.5,8.5
Foto-Kamera,Fotoğraf Makineleri & Video Kameralar,SLR Dijital Fotoğraf Makinası,"8,5%",Teslimat +28 Gün,8.5,8.5
Foto-Kamera,Fotoğraf Makineleri & Video Kameralar,Video Kameralar,"8,5%",Teslimat +28 Gün,8.5,8.5
Foto-Kamera,Fotoğraf ve Kamera Aksesuarları,Filtreler,"10,0%",Teslimat +28 Gün,10.0,10.0
Foto-Kamera,Fotoğraf ve Kamera Aksesuarları,Foto- Kamera (Diğer),"10,0%",Teslimat +28 Gün,10.0,10.0
Foto-Kamera,Fotoğraf ve Kamera Aksesuarları,Fotoğraf Filmi & Kağıtları,"10,0%",Teslimat +28 Gün,10.0,10.0
Foto-Kamera,Fotoğraf ve Kamera Aksesuarları,Fotoğraf ve Kamera Aksesuarları,"10,0%",Teslimat +28 Gün,10.0,10.0
Foto-Kamera,Fotoğraf ve Kamera Aksesuarları,Fotoğraf Çerçeveleri,"10,0%",Teslimat +28 Gün,10.0,10.0
Foto-Kamera,Fotoğraf ve Kamera Aksesuarları,Lensler,"10,0%",Teslimat +28 Gün,10.0,10.0
Foto-Kamera,Fotoğraf ve Kamera Aksesuarları,Objektifler,"10,0%",Teslimat +28 Gün,10.0,10.0
Foto-Kamera,Fotoğraf ve Kamera Aksesuarları,Pil ve Şarj Cihazları,"10,0%",Teslimat +28 Gün,10.0,10.0
Foto-Kamera,Fotoğraf ve Kamera Aksesuarları,SLR Lensleri,"10,0%",Teslimat +28 Gün,10.0,10.0
Foto-Kamera,Fotoğraf ve Kamera Aksesuarları,Sualtı Kılıfları,"10,0%",Teslimat +28 Gün,10.0,10.0
Foto-Kamera,Fotoğraf ve Kamera Aksesuarları,Taşıma Çantaları,"10,0%",Teslimat +28 Gün,10.0,10.0
Foto-Kamera,Fotoğraf ve Kamera Aksesuarları,Tripod,"10,0%",Teslimat +28 Gün,10.0,10.0
Giyim,Bebek Giyim,Ayakkabı,"18,0%",Teslimat +28 Gün,18.0,18.0
Giyim,Bebek Giyim,Bebek Pantolon,"18,0%",Teslimat +28 Gün,18.0,18.0
Giyim,Bebek Giyim,Bebek Pijama,"18,0%",Teslimat +28 Gün,18.0,18.0
Giyim,Bebek Giyim,Patik,"18,0%",Teslimat +28 Gün,18.0,18.0
Giyim,Bebek Giyim,Takımlar,"18,0%",Teslimat +28 Gün,18.0,18.0
Giyim,Giyim,Bisiklet Giyim,"18,0%",Teslimat +28 Gün,18.0,18.0
Giyim,Giyim,Bluz,"18,0%",Teslimat +28 Gün,18.0,18.0
Giyim,Giyim,Ceket,"18,0%",Teslimat +28 Gün,18.0,18.0
Giyim,Giyim,Etek,"18,0%",Teslimat +28 Gün,18.0,18.0
Giyim,Giyim,Eşofman,"18,0%",Teslimat +28 Gün,18.0,18.0
Giyim,Giyim,Fitwear,"18,0%",Teslimat +28 Gün,18.0,18.0
Giyim,Giyim,Gömlek,"18,0%",Teslimat +28 Gün,18.0,18.0
Giyim,Giyim,Kaban Alt Giyim,"18,0%",Teslimat +28 Gün,18.0,18.0
Giyim,Giyim,Mont,"18,0%",Teslimat +28 Gün,18.0,18.0
Giyim,Giyim,Outdoor Giyim,"18,0%",Teslimat +28 Gün,18.0,18.0
Giyim,Giyim,Pantolon,"18,0%",Teslimat +28 Gün,18.0,18.0
Giyim,Giyim,Spor Branşları Giyim,"18,0%",Teslimat +28 Gün,18.0,18.0
Giyim,Giyim,Spor Şortu,"18,0%",Teslimat +28 Gün,18.0,18.0
Giyim,Giyim,Sweatshirt,"18,0%",Teslimat +28 Gün,18.0,18.0
Giyim,Giyim,Taraftar Giyim,"18,0%",Teslimat +28 Gün,18.0,18.0
Giyim,Giyim,Tayt,"18,0%",Teslimat +28 Gün,18.0,18.0
Giyim,Giyim,Termal Eşofmanlar,"18,0%",Teslimat +28 Gün,18.0,18.0
Giyim,Giyim,Tişört,"18,0%",Teslimat +28 Gün,18.0,18.0
Giyim,Giyim,Çocuk Giyim,"18,0%",Teslimat +28 Gün,18.0,18.0
Giyim,Giyim,Çoraplar,"18,0%",Teslimat +28 Gün,18.0,18.0
Giyim,Giyim,Üst Giyim,"18,0%",Teslimat +28 Gün,18.0,18.0
Giyim,Giyim,İç Giyim,"18,0%",Teslimat +28 Gün,18.0,18.0
Giyim,Giyim,Şort,"18,0%",Teslimat +28 Gün,18.0,18.0
Hobi-Oyun,"Hobi, Oyun Eğlence Ürünleri",Akıl Oyunları,"16,0%",Teslimat +28 Gün,16.0,16.0
Hobi-Oyun,"Hobi, Oyun Eğlence Ürünleri",Diecast Modeller,"16,0%",Teslimat +28 Gün,16.0,16.0
Hobi-Oyun,"Hobi, Oyun Eğlence Ürünleri",Figür Modelleri,"16,0%",Teslimat +28 Gün,16.0,16.0
Hobi-Oyun,"Hobi, Oyun Eğlence Ürünleri",Hobby,"16,0%",Teslimat +28 Gün,16.0,16.0
Hobi-Oyun,"Hobi, Oyun Eğlence Ürünleri",Kostüm ve Aksesuarları,"16,0%",Teslimat +28 Gün,16.0,16.0
Hobi-Oyun,"Hobi, Oyun Eğlence Ürünleri",Kutu Oyunları,"16,0%",Teslimat +28 Gün,16.0,16.0
Hobi-Oyun,"Hobi, Oyun Eğlence Ürünleri",Maket,"16,0%",Teslimat +28 Gün,16.0,16.0
Hobi-Oyun,"Hobi, Oyun Eğlence Ürünleri",Maket Aksesuarları,"16,0%",Teslimat +28 Gün,16.0,16.0
Hobi-Oyun,"Hobi, Oyun Eğlence Ürünleri",Metal Model Arabalar,"16,0%",Teslimat +28 Gün,16.0,16.0
Hobi-Oyun,"Hobi, Oyun Eğlence Ürünleri",Mıknatıslar,"16,0%",Teslimat +28 Gün,16.0,16.0
Hobi-Oyun,"Hobi, Oyun Eğlence Ürünleri",Oyun Takımları,"16,0%",Teslimat +28 Gün,16.0,16.0
Hobi-Oyun,"Hobi, Oyun Eğlence Ürünleri",Oyun Takımı Aksesuarları,"16,0%",Teslimat +28 Gün,16.0,16.0
Hobi-Oyun,"Hobi, Oyun Eğlence Ürünleri",Puzzlelar ve Aksesuarları,"16,0%",Teslimat +28 Gün,16.0,16.0
Hobi-Oyun,"Hobi, Oyun Eğlence Ürünleri",Rc Araç Ekipmanları,"16,0%",Teslimat +28 Gün,16.0,16.0
Hobi-Oyun,"Hobi, Oyun Eğlence Ürünleri",Rc Araç Yedek Parçaları,"16,0%",Teslimat +28 Gün,16.0,16.0
Hobi-Oyun,"Hobi, Oyun Eğlence Ürünleri",Uzaktan Kumandalı Arabalar,"16,0%",Teslimat +28 Gün,16.0,16.0
Hobi-Oyun,"Hobi, Oyun Eğlence Ürünleri",Uzaktan Kumandalı Elektrikli Uçaklar,"16,0%",Teslimat +28 Gün,16.0,16.0
Hobi-Oyun,"Hobi, Oyun Eğlence Ürünleri",Uzaktan Kumandalı Helikopterler,"16,0%",Teslimat +28 Gün,16.0,16.0
Hobi-Oyun,"Hobi, Oyun Eğlence Ürünleri",Uzaktan Kumandalı Tekneler,"16,0%",Teslimat +28 Gün,16.0,16.0
Hobi-Oyun,"Hobi, Oyun Eğlence Ürünleri",İlginç Ürünler,"16,0%",Teslimat +28 Gün,16.0,16.0
Kitap,Kitap,Akademik Kitaplar,"13,0%",Teslimat +28 Gün,13.0,13.0
Kitap,Kitap,Dergi,"15,0%",Teslimat +28 Gün,15.0,15.0
Kitap,Kitap,E- Kitap Okuyucu,"13,0%",Teslimat +28 Gün,13.0,13.0
Kitap,Kitap,Edebiyat,"13,0%",Teslimat +28 Gün,13.0,13.0
Kitap,Kitap,Eğitim,"15,0%",Teslimat +28 Gün,15.0,15.0
Kitap,Kitap,Hobi Kitapları,"13,0%",Teslimat +28 Gün,13.0,13.0
Kitap,Kitap,Çocuk Kitapları,"13,0%",Teslimat +28 Gün,13.0,13.0
Kitap,Kitap,Ön Ödemeli Kartlar,"13,0%",Teslimat +28 Gün,13.0,13.0
Kitap,Kitap,İthal kitaplar,"15,0%",Teslimat +28 Gün,15.0,15.0
Kırtasiye ve Ofis,Kırtasiye ve Ofis Ürünleri ve Sanatsal Malzeme,Kırtasiye Ürünleri ve Sanatsal Malzemeler,"15,0%",Teslimat +28 Gün,15.0,15.0
Kırtasiye ve Ofis,Kırtasiye ve Ofis Ürünleri ve Sanatsal Malzeme,Para kasası,"15,0%",Teslimat +28 Gün,15.0,15.0
Kırtasiye ve Ofis,Kırtasiye ve Ofis Ürünleri ve Sanatsal Malzeme,Piller,"15,0%",Teslimat +28 Gün,15.0,15.0
Kırtasiye ve Ofis,Ofis Teknolojileri 1,Ofis Makineleri,"12,0%",Teslimat +28 Gün,12.0,12.0
Kırtasiye ve Ofis,Ofis Teknolojileri 2,A3 Kağıtlar,"6,0%",Teslimat +28 Gün,6.0,6.0
Kırtasiye ve Ofis,Ofis Teknolojileri 2,A4 Kağıtlar,"6,0%",Teslimat +28 Gün,6.0,6.0
Kırtasiye ve Ofis,Ofis Teknolojileri 2,A5 Kağıtlar,"6,0%",Teslimat +28 Gün,6.0,6.0
Kırtasiye ve Ofis,Ofis Teknolojileri 2,Fotokopi Kağıtları,"6,0%",Teslimat +28 Gün,6.0,6.0
MDA- Beyaz Eşya,Ankastre & Pişirme Grubu,Ankastre Setler,"10,17%",Teslimat +28 Gün,10.17,10.17
MDA- Beyaz Eşya,Ankastre & Pişirme Grubu,Aspiratör,"10,17%",Teslimat +28 Gün,10.17,10.17
MDA- Beyaz Eşya,Ankastre & Pişirme Grubu,Davlumbaz,"10,17%",Teslimat +28 Gün,10.17,10.17
MDA- Beyaz Eşya,Ankastre & Pişirme Grubu,Ev Gereçleri,"10,17%",Teslimat +28 Gün,10.17,10.17
MDA- Beyaz Eşya,Ankastre & Pişirme Grubu,Fırınlar,"10,17%",Teslimat +28 Gün,10.17,10.17
MDA- Beyaz Eşya,Ankastre & Pişirme Grubu,Mikrodalga Fırın,"10,17%",Teslimat +28 Gün,10.17,10.17
MDA- Beyaz Eşya,Ankastre & Pişirme Grubu,Ocaklar,"10,17%",Teslimat +28 Gün,10.17,10.17
MDA- Beyaz Eşya,Beyaz Eşya Yedek Parça & Aksesuar,Beyaz Eşya Yedek Parça & Aksesuar,"12,0%",Teslimat +28 Gün,12.0,12.0
MDA- Beyaz Eşya,Beyaz Eşya Yedek Parça & Aksesuar,Ek Güvence Paketleri,"12,0%",Teslimat +28 Gün,12.0,12.0
MDA- Beyaz Eşya,Beyaz Eşya Yedek Parça & Aksesuar,Isıtma - Soğutma yedek parça,"12,0%",Teslimat +28 Gün,12.0,12.0
MDA- Beyaz Eşya,Beyaz Eşya Yedek Parça & Aksesuar,Vantilatör,"12,0%",Teslimat +28 Gün,12.0,12.0
MDA- Beyaz Eşya,"Bulaşık, Çamaşır, Kurutma Makinesi ve Buzdolabı",Bulaşık Makinesi,"8,5%",Teslimat +28 Gün,8.5,8.5
MDA- Beyaz Eşya,"Bulaşık, Çamaşır, Kurutma Makinesi ve Buzdolabı",Buzdolabı,"8,5%",Teslimat +28 Gün,8.5,8.5
MDA- Beyaz Eşya,"Bulaşık, Çamaşır, Kurutma Makinesi ve Buzdolabı",Derin Dondurucu,"8,5%",Teslimat +28 Gün,8.5,8.5
MDA- Beyaz Eşya,"Bulaşık, Çamaşır, Kurutma Makinesi ve Buzdolabı",Klima,"8,5%",Teslimat +28 Gün,8.5,8.5
MDA- Beyaz Eşya,"Bulaşık, Çamaşır, Kurutma Makinesi ve Buzdolabı",Kombi,"8,5%",Teslimat +28 Gün,8.5,8.5
MDA- Beyaz Eşya,"Bulaşık, Çamaşır, Kurutma Makinesi ve Buzdolabı",Kurutma Makinesi Sebil,"8,5%",Teslimat +28 Gün,8.5,8.5
MDA- Beyaz Eşya,"Bulaşık, Çamaşır, Kurutma Makinesi ve Buzdolabı",Çamaşır Makinesi,"8,5%",Teslimat +28 Gün,8.5,8.5
MDA- Beyaz Eşya,Ev Isıtma & Soğutma Sistemleri,Hava Perdeleri,"10,17%",Teslimat +28 Gün,10.17,10.17
MDA- Beyaz Eşya,Ev Isıtma & Soğutma Sistemleri,Isıtma Soğutma (Diğer),"10,17%",Teslimat +28 Gün,10.17,10.17
MDA- Beyaz Eşya,Ev Isıtma & Soğutma Sistemleri,Portatif Soğutucular,"10,17%",Teslimat +28 Gün,10.17,10.17
MDA- Beyaz Eşya,Ev Isıtma & Soğutma Sistemleri,Sobalar & Isıtıcılar,"10,17%",Teslimat +28 Gün,10.17,10.17
MDA- Beyaz Eşya,Ev Isıtma & Soğutma Sistemleri,Termoboyler,"10,17%",Teslimat +28 Gün,10.17,10.17
MDA- Beyaz Eşya,Ev Isıtma & Soğutma Sistemleri,Termosifonlar,"10,17%",Teslimat +28 Gün,10.17,10.17
MDA- Beyaz Eşya,Ev Isıtma & Soğutma Sistemleri,Şofbenler,"10,17%",Teslimat +28 Gün,10.17,10.17
Makyaj,Makyaj Ürünleri,Allık,"15,0%",Teslimat +28 Gün,15.0,15.0
Makyaj,Makyaj Ürünleri,Eyeliner,"15,0%",Teslimat +28 Gün,15.0,15.0
Makyaj,Makyaj Ürünleri,Far ve Far Paletleri,"15,0%",Teslimat +28 Gün,15.0,15.0
Makyaj,Makyaj Ürünleri,Fondoten,"15,0%",Teslimat +28 Gün,15.0,15.0
Makyaj,Makyaj Ürünleri,Highlighter,"15,0%",Teslimat +28 Gün,15.0,15.0
Makyaj,Makyaj Ürünleri,Makyaj Temizleme Ürünleri,"15,0%",Teslimat +28 Gün,15.0,15.0
Makyaj,Makyaj Ürünleri,Maskara,"15,0%",Teslimat +28 Gün,15.0,15.0
Makyaj,Makyaj Ürünleri,Oje,"15,0%",Teslimat +28 Gün,15.0,15.0
Makyaj,Makyaj Ürünleri,Pudra,"15,0%",Teslimat +28 Gün,15.0,15.0
Makyaj,Makyaj Ürünleri,Rimel,"15,0%",Teslimat +28 Gün,15.0,15.0
Makyaj,Makyaj Ürünleri,Ruj,"15,0%",Teslimat +28 Gün,15.0,15.0
Mobilya,Dekorasyon,Dekorasyon,"22,0%",Teslimat +28 Gün,22.0,22.0
Mobilya,Dekorasyon,Tekstil Saklama Ürünleri,"22,0%",Teslimat +28 Gün,22.0,22.0
Mobilya,Ev Mobilya,Koltuklar,"18,0%",Teslimat +28 Gün,18.0,18.0
Mobilya,Ev Mobilya,Mobilya,"18,0%",Teslimat +28 Gün,18.0,18.0
Mobilya,Ev Mobilya,Sandalyeler,"18,0%",Teslimat +28 Gün,18.0,18.0
Mobilya,Ev Mobilya,Tabureler,"18,0%",Teslimat +28 Gün,18.0,18.0
Mobilya,Ofis Dekorasyon,Bekleme Koltukları,"18,0%",Teslimat +28 Gün,18.0,18.0
Mobilya,Ofis Dekorasyon,Dosya Dolapları,"18,0%",Teslimat +28 Gün,18.0,18.0
Mobilya,Ofis Dekorasyon,Ofis Masası,"18,0%",Teslimat +28 Gün,18.0,18.0
Mobilya,Ofis Dekorasyon,Ofis Sandalyesi,"18,0%",Teslimat +28 Gün,18.0,18.0
Mobilya,Ofis Dekorasyon,Ofis Çöp Kovası,"18,0%",Teslimat +28 Gün,18.0,18.0
Mobilya,Yatak Odası Takımları,Genç Odası Takımları,"18,0%",Teslimat +28 Gün,18.0,18.0
Mobilya,Yatak Odası Takımları,Yatak Odası Takımları,"18,0%",Teslimat +28 Gün,18.0,18.0
Müzik,Müzik Alet ve Ekipmanları 1,Amfi,"11,0%",Teslimat +28 Gün,11.0,11.0
Müzik,Müzik Alet ve Ekipmanları 1,Bateri,"11,0%",Teslimat +28 Gün,11.0,11.0
Müzik,Müzik Alet ve Ekipmanları 1,Davul,"11,0%",Teslimat +28 Gün,11.0,11.0
Müzik,Müzik Alet ve Ekipmanları 1,Kabin-Hoparlör-Monitör,"11,0%",Teslimat +28 Gün,11.0,11.0
Müzik,Müzik Alet ve Ekipmanları 1,Kayıt Teknolojileri,"11,0%",Teslimat +28 Gün,11.0,11.0
Müzik,Müzik Alet ve Ekipmanları 1,Kulaklık,"14,0%",Teslimat +28 Gün,14.0,14.0
Müzik,Müzik Alet ve Ekipmanları 1,Pikap,"11,0%",Teslimat +28 Gün,11.0,11.0
Müzik,Müzik Alet ve Ekipmanları 1,Plak,"11,0%",Teslimat +28 Gün,11.0,11.0
Müzik,Müzik Alet ve Ekipmanları 1,Telli çalgılar,"11,0%",Teslimat +28 Gün,11.0,11.0
Müzik,Müzik Alet ve Ekipmanları 1,Tuşlu çalgılar,"10,0%",Teslimat +28 Gün,10.0,10.0
Müzik,Müzik Alet ve Ekipmanları 1,Yaylı Çalgılar,"11,0%",Teslimat +28 Gün,11.0,11.0
Müzik,Müzik Alet ve Ekipmanları 2,Albüm,"13,0%",Teslimat +28 Gün,13.0,13.0
Müzik,Müzik Alet ve Ekipmanları 2,Müzik Ekipmanları - Aksesuarları,"13,0%",Teslimat +28 Gün,13.0,13.0
Müzik,Müzik Alet ve Ekipmanları 2,Müzikal Hediyelikler,"13,0%",Teslimat +28 Gün,13.0,13.0
Müzik,Müzik Alet ve Ekipmanları 2,Poster,"15,0%",Teslimat +28 Gün,15.0,15.0
Müzik,Müzik Alet ve Ekipmanları 2,Vurmalı Çalgılar - Perküsyon,"13,0%",Teslimat +28 Gün,13.0,13.0
NonTV,Dijital ve Güvence Paketleri,Dijital Video İşleme Yayın Paketleri,"20,0%",Teslimat +28 Gün,20.0,20.0
NonTV,Dijital ve Güvence Paketleri,Ek Güvence Paketleri TV,"20,0%",Teslimat +28 Gün,20.0,20.0
NonTV,Ev Güvenlik Ürünleri,Akıllı Kumanda,"12,0%",Teslimat +28 Gün,12.0,12.0
NonTV,Ev Güvenlik Ürünleri,Akıllı Priz,"12,0%",Teslimat +28 Gün,12.0,12.0
NonTV,Ev Güvenlik Ürünleri,Akıllı ev sistemleri,"12,0%",Teslimat +28 Gün,12.0,12.0
NonTV,Ev Güvenlik Ürünleri,Dedektör,"12,0%",Teslimat +28 Gün,12.0,12.0
NonTV,Ev Güvenlik Ürünleri,Dome Kameralar,"12,0%",Teslimat +28 Gün,12.0,12.0
NonTV,Ev Güvenlik Ürünleri,Gece Görüşlü kamerlar,"12,0%",Teslimat +28 Gün,12.0,12.0
NonTV,Ev Güvenlik Ürünleri,Güvenlik Kamerası,"12,0%",Teslimat +28 Gün,12.0,12.0
NonTV,Ev Güvenlik Ürünleri,IP kameraları,"12,0%",Teslimat +28 Gün,12.0,12.0
NonTV,Ev Güvenlik Ürünleri,IP network Kameralar,"12,0%",Teslimat +28 Gün,12.0,12.0
NonTV,Ev Güvenlik Ürünleri,Kamera sistemi,"12,0%",Teslimat +28 Gün,12.0,12.0
NonTV,Ev Güvenlik Ürünleri,Sahte Caydırıcı Kamera,"12,0%",Teslimat +28 Gün,12.0,12.0
NonTV,Ev Güvenlik Ürünleri,Webcam,"12,0%",Teslimat +28 Gün,12.0,12.0
NonTV,Ev Sinema ve Ses Sistemleri,Blu-Ray ve DVD Oynatıcılar,"12,0%",Teslimat +28 Gün,12.0,12.0
NonTV,Ev Sinema ve Ses Sistemleri,Bluetooth Hoparlör,"10,0%",Teslimat +28 Gün,10.0,10.0
NonTV,Ev Sinema ve Ses Sistemleri,DVD Oynatıcılar,"12,0%",Teslimat +28 Gün,12.0,12.0
NonTV,Ev Sinema ve Ses Sistemleri,Kablosuz Ses ve Görüntü Aktarıcı,"12,0%",Teslimat +28 Gün,12.0,12.0
NonTV,Ev Sinema ve Ses Sistemleri,Media Player,"10,0%",Teslimat +28 Gün,10.0,10.0
NonTV,Ev Sinema ve Ses Sistemleri,Müzik Seti,"10,0%",Teslimat +28 Gün,10.0,10.0
NonTV,Ev Sinema ve Ses Sistemleri,Pikap,"10,0%",Teslimat +28 Gün,10.0,10.0
NonTV,Ev Sinema ve Ses Sistemleri,Portatif DVD Oynatıcılar,"12,0%",Teslimat +28 Gün,12.0,12.0
NonTV,Ev Sinema ve Ses Sistemleri,Portatif Sistemler,"10,0%",Teslimat +28 Gün,10.0,10.0
NonTV,Ev Sinema ve Ses Sistemleri,Ses Bombası Hoparlörler,"10,0%",Teslimat +28 Gün,10.0,10.0
NonTV,Ev Sinema ve Ses Sistemleri,Ses Kayıt Cihazları,"10,0%",Teslimat +28 Gün,10.0,10.0
NonTV,Ev Sinema ve Ses Sistemleri,Sinema Sistemi,"10,0%",Teslimat +28 Gün,10.0,10.0
NonTV,Ev Sinema ve Ses Sistemleri,Soundbar,"10,0%",Teslimat +28 Gün,10.0,10.0
NonTV,Ev Sinema ve Ses Sistemleri,Speaker,"10,0%",Teslimat +28 Gün,10.0,10.0
NonTV,Ev Sinema ve Ses Sistemleri,Stereo Amfiler,"10,0%",Teslimat +28 Gün,10.0,10.0
NonTV,Ev Sinema ve Ses Sistemleri,Subwoofer (Ev Tipi),"10,0%",Teslimat +28 Gün,10.0,10.0
NonTV,Ev Sinema ve Ses Sistemleri,Taşınabilir Amfili Hoparlörler,"10,0%",Teslimat +28 Gün,10.0,10.0
NonTV,Televizyon ve Elektronik Aksesuarları,Akım Korumalı Priz,"17,0%",Teslimat +28 Gün,17.0,17.0
NonTV,Televizyon ve Elektronik Aksesuarları,Alarm Sistemleri Aksesuarları,"15,0%",Teslimat +28 Gün,15.0,15.0
NonTV,Televizyon ve Elektronik Aksesuarları,Bluray Yazıcılar,"17,0%",Teslimat +28 Gün,17.0,17.0
NonTV,Televizyon ve Elektronik Aksesuarları,CD& DVD Yazıcılar,"17,0%",Teslimat +28 Gün,17.0,17.0
NonTV,Televizyon ve Elektronik Aksesuarları,CD&DVD Çantası,"17,0%",Teslimat +28 Gün,17.0,17.0
NonTV,Televizyon ve Elektronik Aksesuarları,Ekran Temizleme Ürünleri,"17,0%",Teslimat +28 Gün,17.0,17.0
NonTV,Televizyon ve Elektronik Aksesuarları,Güvenlik Cihazları,"15,0%",Teslimat +28 Gün,15.0,15.0
NonTV,Televizyon ve Elektronik Aksesuarları,Güç Kabloları,"15,0%",Teslimat +28 Gün,15.0,15.0
NonTV,Televizyon ve Elektronik Aksesuarları,HDMI kablo,"17,0%",Teslimat +28 Gün,17.0,17.0
NonTV,Televizyon ve Elektronik Aksesuarları,Hoparlör Ayakları & Askıları,"15,0%",Teslimat +28 Gün,15.0,15.0
NonTV,Televizyon ve Elektronik Aksesuarları,Kablo & Soketler,"17,0%",Teslimat +28 Gün,17.0,17.0
NonTV,Televizyon ve Elektronik Aksesuarları,Mikrofon,"15,0%",Teslimat +28 Gün,15.0,15.0
NonTV,Televizyon ve Elektronik Aksesuarları,Monitör Aksesuarları,"17,0%",Teslimat +28 Gün,17.0,17.0
NonTV,Televizyon ve Elektronik Aksesuarları,Mp3 Player Aksesuar,"17,0%",Teslimat +28 Gün,17.0,17.0
NonTV,Televizyon ve Elektronik Aksesuarları,Network Kabloları,"15,0%",Teslimat +28 Gün,15.0,15.0
NonTV,Televizyon ve Elektronik Aksesuarları,Ses ve Görüntü Kabloları,"15,0%",Teslimat +28 Gün,15.0,15.0
NonTV,Televizyon ve Elektronik Aksesuarları,Switch Box Ve Çoklayıcılar,"17,0%",Teslimat +28 Gün,17.0,17.0
NonTV,Televizyon ve Elektronik Aksesuarları,TV Ekran Koruyucular,"15,0%",Teslimat +28 Gün,15.0,15.0
NonTV,Televizyon ve Elektronik Aksesuarları,Uydu Alıcıları,"15,0%",Teslimat +28 Gün,15.0,15.0
NonTV,Televizyon ve Elektronik Aksesuarları,Uydu Alıcısı Aksesuarları,"17,0%",Teslimat +28 Gün,17.0,17.0
NonTV,Televizyon ve Elektronik Aksesuarları,Uzaktan Kumandalar,"17,0%",Teslimat +28 Gün,17.0,17.0
Oto Aksesuar,Araç Dış Aksesuarlar & Temizlik Ürünleri & Oto Aksesuar,Araç Bakım Temizlik Ürünleri,"14,0%",Teslimat +28 Gün,14.0,14.0
Oto Aksesuar,Araç Dış Aksesuarlar & Temizlik Ürünleri & Oto Aksesuar,Araç Uygulama Paketleri,"14,0%",Teslimat +28 Gün,14.0,14.0
Oto Aksesuar,Araç Dış Aksesuarlar & Temizlik Ürünleri & Oto Aksesuar,Oto El Aletleri,"14,0%",Teslimat +28 Gün,14.0,14.0
Oto Aksesuar,Araç Dış Aksesuarlar &Oto Lastik & Lastik Bakım Ürünleri 1,Alarm,"16,0%",Teslimat +28 Gün,16.0,16.0
Oto Aksesuar,Araç Dış Aksesuarlar &Oto Lastik & Lastik Bakım Ürünleri 1,Araç Dış Aksesuar,"16,0%",Teslimat +28 Gün,16.0,16.0
Oto Aksesuar,Araç Dış Aksesuarlar &Oto Lastik & Lastik Bakım Ürünleri 1,Arma,"16,0%",Teslimat +28 Gün,16.0,16.0
Oto Aksesuar,Araç Dış Aksesuarlar &Oto Lastik & Lastik Bakım Ürünleri 1,Bakım Ürünleri,"16,0%",Teslimat +28 Gün,16.0,16.0
Oto Aksesuar,Araç Dış Aksesuarlar &Oto Lastik & Lastik Bakım Ürünleri 1,Basınçlı Yıkama ve Köpük Makineleri,"16,0%",Teslimat +28 Gün,16.0,16.0
Oto Aksesuar,Araç Dış Aksesuarlar &Oto Lastik & Lastik Bakım Ürünleri 1,Jantlar& Jant Kapakları,"16,0%",Teslimat +28 Gün,16.0,16.0
Oto Aksesuar,Araç Dış Aksesuarlar &Oto Lastik & Lastik Bakım Ürünleri 1,Lastik Zincirleri,"16,0%",Teslimat +28 Gün,16.0,16.0
Oto Aksesuar,Araç Dış Aksesuarlar &Oto Lastik & Lastik Bakım Ürünleri 1,Park Sensörü,"16,0%",Teslimat +28 Gün,16.0,16.0
Oto Aksesuar,Araç Dış Aksesuarlar &Oto Lastik & Lastik Bakım Ürünleri 1,Tuning,"16,0%",Teslimat +28 Gün,16.0,16.0
Oto Aksesuar,Araç İçi Ekipman & Aksesuarlar,Anahtarlıklar,"18,0%",Teslimat +28 Gün,18.0,18.0
Oto Aksesuar,Araç İçi Ekipman & Aksesuarlar,Cam ve Güneşlik Ürünleri,"18,0%",Teslimat +28 Gün,18.0,18.0
Oto Aksesuar,Araç İçi Ekipman & Aksesuarlar,Oto Kokuları,"18,0%",Teslimat +28 Gün,18.0,18.0
Oto Aksesuar,Araç İçi Ekipman & Aksesuarlar,Oto Lastik Bakım,"18,0%",Teslimat +28 Gün,18.0,18.0
Oto Aksesuar,Araç İçi Ekipman & Aksesuarlar,Paspaslar,"15,0%",Teslimat +28 Gün,15.0,15.0
Oto Aksesuar,Araç İçi Ekipman & Aksesuarlar,Seyehat Ürünleri,"15,0%",Teslimat +28 Gün,15.0,15.0
Oto Aksesuar,Araç İçi Ekipman & Aksesuarlar,Silecekler,"18,0%",Teslimat +28 Gün,18.0,18.0
Oto Aksesuar,Araç İçi Ekipman & Aksesuarlar,Yangın Söndürücüler,"18,0%",Teslimat +28 Gün,18.0,18.0
Oto Aksesuar,Motosiklet Aksesuarları,Motosiklet,"12,0%",Teslimat +28 Gün,12.0,12.0
Oto Aksesuar,Motosiklet Aksesuarları,Motosiklet Aksesuar ve Koruma,"12,0%",Teslimat +28 Gün,12.0,12.0
Oto Aksesuar,Motosiklet Aksesuarları,Motosiklet Giyim,"12,0%",Teslimat +28 Gün,12.0,12.0
Oto Aksesuar,Motosiklet Aksesuarları,Motosiklet Çantaları,"12,0%",Teslimat +28 Gün,12.0,12.0
Oto Aksesuar,Oto & Motosiklet Lastik,Motosiklet Lastikleri,"9,0%",Teslimat +28 Gün,9.0,9.0
Oto Aksesuar,Oto & Motosiklet Lastik,Oto Lastik,"9,0%",Teslimat +28 Gün,9.0,9.0
Oto Aksesuar,Oto Aksesuar,Karavan & Aksesuarları,"12,0%",Teslimat +28 Gün,12.0,12.0
Oto Aksesuar,Oto Aksesuar,Trafik Setleri ve Ürünleri,"17,0%",Teslimat +28 Gün,17.0,17.0
Oto Aksesuar,Oto Aksesuar Akü,Akü ve Aksesuarları,"12,0%",Teslimat +28 Gün,12.0,12.0
Oto Aksesuar,Oto Aksesuarları & Ses ve Navigasyon Sistemleri,Cd-Mp3 Çalar,"12,0%",Teslimat +28 Gün,12.0,12.0
Oto Aksesuar,Oto Aksesuarları & Ses ve Navigasyon Sistemleri,Navigasyon,"12,0%",Teslimat +28 Gün,12.0,12.0
Oto Aksesuar,Oto Aksesuarları & Ses ve Navigasyon Sistemleri,Oto Hoparlör,"12,0%",Teslimat +28 Gün,12.0,12.0
Oto Aksesuar,Oto Aksesuarları & Ses ve Navigasyon Sistemleri,Oto Ses Görüntü Sistemleri,"12,0%",Teslimat +28 Gün,12.0,12.0
Oto Aksesuar,Oto Aksesuarları & Ses ve Navigasyon Sistemleri,Pandizot,"12,0%",Teslimat +28 Gün,12.0,12.0
Oto Aksesuar,Oto Aksesuarları & Ses ve Navigasyon Sistemleri,Transmitter,"14,0%",Teslimat +28 Gün,14.0,14.0
Oto Aksesuar,Oto Aksesuarları & Ses ve Navigasyon Sistemleri,Usb-Sd Çevirici Modül,"12,0%",Teslimat +28 Gün,12.0,12.0
Oto Aksesuar,Oto Yedek parça,Ateşleme sistemi,"18,0%",Teslimat +28 Gün,18.0,18.0
Oto Aksesuar,Oto Yedek parça,Ayna,"18,0%",Teslimat +28 Gün,18.0,18.0
Oto Aksesuar,Oto Yedek parça,Debriyaj,"18,0%",Teslimat +28 Gün,18.0,18.0
Oto Aksesuar,Oto Yedek parça,Elektrik Aksam,"18,0%",Teslimat +28 Gün,18.0,18.0
Oto Aksesuar,Oto Yedek parça,Filtre,"18,0%",Teslimat +28 Gün,18.0,18.0
Oto Aksesuar,Oto Yedek parça,Kaporta,"18,0%",Teslimat +28 Gün,18.0,18.0
Oto Aksesuar,Oto Yedek parça,Mekanik Aksam,"18,0%",Teslimat +28 Gün,18.0,18.0
Oto Aksesuar,Oto Yedek parça,Motor Aksamı,"18,0%",Teslimat +28 Gün,18.0,18.0
Oto Aksesuar,Oto Yedek parça,Yürüyen Aksam,"18,0%",Teslimat +28 Gün,18.0,18.0
Oto Aksesuar,Oto Yedek parça,İş Makinesi&Traktör Yedek Parçaları,"18,0%",Teslimat +28 Gün,18.0,18.0
Oto Aksesuar,Traktör Lastikleri,Traktör Lastikleri,"10,0%",Teslimat +28 Gün,10.0,10.0
Oto Aksesuar,Yakıt ve Yağ Katkıları,Hidrolik Yağ,"12,0%",Teslimat +28 Gün,12.0,12.0
Oto Aksesuar,Yakıt ve Yağ Katkıları,Motor yağı,"11,0%",Teslimat +28 Gün,11.0,11.0
Oto Aksesuar,Yakıt ve Yağ Katkıları,Yağ Katkıları,"12,0%",Teslimat +28 Gün,12.0,12.0
Oto Aksesuar,Yakıt ve Yağ Katkıları,Şanzımn Yağı,"12,0%",Teslimat +28 Gün,12.0,12.0
Outdoor- Deniz,Outdoor-Deniz Ekipmanları,Askeri Giyim ve Malzemeler,"14,0%",Teslimat +28 Gün,14.0,14.0
Outdoor- Deniz,Outdoor-Deniz Ekipmanları,Deniz Ekipmanları,"14,0%",Teslimat +28 Gün,14.0,14.0
Outdoor- Deniz,Outdoor-Deniz Ekipmanları,Doğa Sporları (Dalış,"14,0%",Teslimat +28 Gün,14.0,14.0
Outdoor- Deniz,Outdoor-Deniz Ekipmanları,Fener,"14,0%",Teslimat +28 Gün,14.0,14.0
Outdoor- Deniz,Outdoor-Deniz Ekipmanları,GPS,"12,0%",Teslimat +28 Gün,12.0,12.0
Outdoor- Deniz,Outdoor-Deniz Ekipmanları,Kamp Kampçılık,"14,0%",Teslimat +28 Gün,14.0,14.0
Outdoor- Deniz,Outdoor-Deniz Ekipmanları,Kara ve Balık Av Malzemeleri,"14,0%",Teslimat +28 Gün,14.0,14.0
Outdoor- Deniz,Outdoor-Deniz Ekipmanları,Kış Sporları,"14,0%",Teslimat +28 Gün,14.0,14.0
Outdoor- Deniz,Outdoor-Deniz Ekipmanları,Sea Scooter,"14,0%",Teslimat +28 Gün,14.0,14.0
Outdoor- Deniz,Outdoor-Deniz Ekipmanları,Tekne Ürünleri,"12,0%",Teslimat +28 Gün,12.0,12.0
Outdoor- Deniz,Outdoor-Deniz Ekipmanları,Teleskop ve Dürbün,"12,0%",Teslimat +28 Gün,12.0,12.0
Outdoor- Deniz,Outdoor-Deniz Ekipmanları,Tırmanış),"14,0%",Teslimat +28 Gün,14.0,14.0
Outdoor- Deniz,Outdoor-Deniz Ekipmanları,Şişme Su Ürünleri,"14,0%",Teslimat +28 Gün,14.0,14.0
Oyun Konsol,Konsol Aksesuarları,Nintendo Aksesuarları,"8,5%",Teslimat +28 Gün,8.5,8.5
Oyun Konsol,Konsol Aksesuarları,PC Oyun Aksesuar,"8,5%",Teslimat +28 Gün,8.5,8.5
Oyun Konsol,Konsol Aksesuarları,PS2 Aksesuarlar,"10,0%",Teslimat +28 Gün,10.0,10.0
Oyun Konsol,Konsol Aksesuarları,PS3 Aksesuarlar,"10,0%",Teslimat +28 Gün,10.0,10.0
Oyun Konsol,Konsol Aksesuarları,PS4 Aksesuarlar,"8,5%",Teslimat +28 Gün,8.5,8.5
Oyun Konsol,Konsol Aksesuarları,PS5 Aksesuarlar,"8,5%",Teslimat +28 Gün,8.5,8.5
Oyun Konsol,Konsol Aksesuarları,PSP / Vita Aksesuarları,"10,0%",Teslimat +28 Gün,10.0,10.0
Oyun Konsol,Konsol Aksesuarları,Playstation 4 VR,"8,5%",Teslimat +28 Gün,8.5,8.5
Oyun Konsol,Konsol Aksesuarları,Simülasyon Aksesuarları,"8,5%",Teslimat +28 Gün,8.5,8.5
Oyun Konsol,Konsol Aksesuarları,Xbox Aksesuarları,"8,5%",Teslimat +28 Gün,8.5,8.5
Oyun Konsol,Konsol Oyunları,Bilgisayar Oyunları,"8,5%",Teslimat +28 Gün,8.5,8.5
Oyun Konsol,Konsol Oyunları,Nintendo Oyunları,"8,5%",Teslimat +28 Gün,8.5,8.5
Oyun Konsol,Konsol Oyunları,PS2 Oyunları,"10,0%",Teslimat +28 Gün,10.0,10.0
Oyun Konsol,Konsol Oyunları,PS3 Oyunları,"10,0%",Teslimat +28 Gün,10.0,10.0
Oyun Konsol,Konsol Oyunları,PS4 Oyunları,"8,5%",Teslimat +28 Gün,8.5,8.5
Oyun Konsol,Konsol Oyunları,PS5 Oyunları,"8,5%",Teslimat +28 Gün,8.5,8.5
Oyun Konsol,Konsol Oyunları,PSP Oyunları,"8,5%",Teslimat +28 Gün,8.5,8.5
Oyun Konsol,Konsol Oyunları,Psp Vita Oyunları,"10,0%",Teslimat +28 Gün,10.0,10.0
Oyun Konsol,Konsol Oyunları,Xbox 360 Oyunları,"8,5%",Teslimat +28 Gün,8.5,8.5
Oyun Konsol,Konsol Oyunları,Xbox 360 Oyunları,"10,0%",Teslimat +28 Gün,10.0,10.0
Oyun Konsol,Konsol Oyunları,Xbox One Oyunları,"8,5%",Teslimat +28 Gün,8.5,8.5
Oyun Konsol,Oyun Konsolu,Diğer Oyun Konsolları,"7,0%",Teslimat +28 Gün,7.0,7.0
Oyun Konsol,Oyun Konsolu,Nintendo Konsol,"5,0%",Teslimat +28 Gün,5.0,5.0
Oyun Konsol,Oyun Konsolu,Playstation 2 Konsol,"15,0%",Teslimat +28 Gün,15.0,15.0
Oyun Konsol,Oyun Konsolu,Playstation 3 Konsol,"15,0%",Teslimat +28 Gün,15.0,15.0
Oyun Konsol,Oyun Konsolu,Playstation 4 Konsol,"5,0%",Teslimat +28 Gün,5.0,5.0
Oyun Konsol,Oyun Konsolu,Playstation 5 Konsol,"5,0%",Teslimat +28 Gün,5.0,5.0
Oyun Konsol,Oyun Konsolu,Psp / Vita Konsol,"5,0%",Teslimat +28 Gün,5.0,5.0
Oyun Konsol,Oyun Konsolu,Xbox Konsol,"5,0%",Teslimat +28 Gün,5.0,5.0
Oyun Konsol,Oyun Konsolu,İkinci El Konsol,"15,0%",Teslimat +28 Gün,15.0,15.0
Oyun Konsol,Oyun Ödeme Kartları,Dijital Bilgisayar Oyunları,"8,5%",Teslimat +28 Gün,8.5,8.5
Oyun Konsol,Oyun Ödeme Kartları,Dijital Konsol Oyunları,"8,5%",Teslimat +28 Gün,8.5,8.5
Oyun Konsol,Oyun Ödeme Kartları,Dijital Oyun Kartları,"8,5%",Teslimat +28 Gün,8.5,8.5
Oyun Konsol,Oyun Ödeme Kartları,Oyun Ödeme Kartları,"8,5%",Teslimat +28 Gün,8.5,8.5
Oyuncak,Oyuncak,Ahşap Oyuncaklar,"16,0%",Teslimat +28 Gün,16.0,16.0
Oyuncak,Oyuncak,Aktivite Setleri,"16,0%",Teslimat +28 Gün,16.0,16.0
Oyuncak,Oyuncak,Akülü Araçlar,"16,0%",Teslimat +28 Gün,16.0,16.0
Oyuncak,Oyuncak,Bahçe Oyuncakları,"16,0%",Teslimat +28 Gün,16.0,16.0
Oyuncak,Oyuncak,Bebek Oyuncakları,"16,0%",Teslimat +28 Gün,16.0,16.0
Oyuncak,Oyuncak,Bebekler,"16,0%",Teslimat +28 Gün,16.0,16.0
Oyuncak,Oyuncak,Bilim Oyuncakları,"16,0%",Teslimat +28 Gün,16.0,16.0
Oyuncak,Oyuncak,Bisiklet ve Scooterlar,"16,0%",Teslimat +28 Gün,16.0,16.0
Oyuncak,Oyuncak,Evcilik Oyuncağı,"16,0%",Teslimat +28 Gün,16.0,16.0
Oyuncak,Oyuncak,Figür Oyuncaklar,"16,0%",Teslimat +28 Gün,16.0,16.0
Oyuncak,Oyuncak,Hayal Kahramanları,"16,0%",Teslimat +28 Gün,16.0,16.0
Oyuncak,Oyuncak,Helikopter ve Uçaklar,"16,0%",Teslimat +28 Gün,16.0,16.0
Oyuncak,Oyuncak,Kostümler,"16,0%",Teslimat +28 Gün,16.0,16.0
Oyuncak,Oyuncak,Kumandasız Arabalar,"16,0%",Teslimat +28 Gün,16.0,16.0
Oyuncak,Oyuncak,Laptoplar,"16,0%",Teslimat +28 Gün,16.0,16.0
Oyuncak,Oyuncak,Müzik Aletleri,"16,0%",Teslimat +28 Gün,16.0,16.0
Oyuncak,Oyuncak,Oyun Hamurları,"16,0%",Teslimat +28 Gün,16.0,16.0
Oyuncak,Oyuncak,Oyun Setleri,"16,0%",Teslimat +28 Gün,16.0,16.0
Oyuncak,Oyuncak,Oyun Çadırı,"16,0%",Teslimat +28 Gün,16.0,16.0
Oyuncak,Oyuncak,Oyuncak,"16,0%",Teslimat +28 Gün,16.0,16.0
Oyuncak,Oyuncak,Parçalı Setler,"16,0%",Teslimat +28 Gün,16.0,16.0
Oyuncak,Oyuncak,Pedallı Araçlar,"16,0%",Teslimat +28 Gün,16.0,16.0
Oyuncak,Oyuncak,Puzzle,"16,0%",Teslimat +28 Gün,16.0,16.0
Oyuncak,Oyuncak,Scooter,"16,0%",Teslimat +28 Gün,16.0,16.0
Oyuncak,Oyuncak,Spor Oyuncakları,"16,0%",Teslimat +28 Gün,16.0,16.0
Oyuncak,Oyuncak,Su ve Balon Tabancaları,"16,0%",Teslimat +28 Gün,16.0,16.0
Oyuncak,Oyuncak,Uzaktan Kumandalı Araba,"16,0%",Teslimat +28 Gün,16.0,16.0
Oyuncak,Oyuncak,Yapbozlar (Puzzler),"16,0%",Teslimat +28 Gün,16.0,16.0
Oyuncak,Oyuncak,Çocuk Kutu Oyunları,"16,0%",Teslimat +28 Gün,16.0,16.0
Parfüm,Parfümler,Erkek Parfüm,"15,0%",Teslimat +28 Gün,15.0,15.0
Parfüm,Parfümler,Kadın Parfüm,"15,0%",Teslimat +28 Gün,15.0,15.0
Parfüm,Parfümler,Parfüm Seti,"15,0%",Teslimat +28 Gün,15.0,15.0
Petshop,Petshop Aksesuar,Akvaryum Filtreleri,"15,0%",Teslimat +28 Gün,15.0,15.0
Petshop,Petshop Aksesuar,Balık,"15,0%",Teslimat +28 Gün,15.0,15.0
Petshop,Petshop Aksesuar,Diğer Petshop Ürünleri,"15,0%",Teslimat +28 Gün,15.0,15.0
Petshop,Petshop Aksesuar,Hamster Ürünleri,"15,0%",Teslimat +28 Gün,15.0,15.0
Petshop,Petshop Aksesuar,Kaplumbağa Ürünleri,"15,0%",Teslimat +28 Gün,15.0,15.0
Petshop,Petshop Aksesuar,Kedi Bakım Ürünleri,"15,0%",Teslimat +28 Gün,15.0,15.0
Petshop,Petshop Aksesuar,Kedi Tuvalet Kabı ve Aksesuarları,"15,0%",Teslimat +28 Gün,15.0,15.0
Petshop,Petshop Aksesuar,Tavşan Ürünleri,"15,0%",Teslimat +28 Gün,15.0,15.0
Petshop,Petshop Aksesuar,Tuzlu Su Akvaryum Malzemeleri,"15,0%",Teslimat +28 Gün,15.0,15.0
Petshop,Petshop Aksesuar,Tırmalama Tahtası,"15,0%",Teslimat +28 Gün,15.0,15.0
Petshop,Petshop Beslenme,Bisküvi,"13,0%",Teslimat +28 Gün,13.0,13.0
Petshop,Petshop Beslenme,Kedi Kumları,"13,0%",Teslimat +28 Gün,13.0,13.0
Petshop,Petshop Beslenme,Kedi Maması,"13,0%",Teslimat +28 Gün,13.0,13.0
Petshop,Petshop Beslenme,Kraker,"13,0%",Teslimat +28 Gün,13.0,13.0
Petshop,Petshop Beslenme,Köpek Maması,"13,0%",Teslimat +28 Gün,13.0,13.0
Petshop,Petshop Beslenme,Vitamin,"13,0%",Teslimat +28 Gün,13.0,13.0
Petshop,Petshop Beslenme,Yem,"13,0%",Teslimat +28 Gün,13.0,13.0
Petshop,Petshop Beslenme,Ödül,"13,0%",Teslimat +28 Gün,13.0,13.0
SDA,"Aksesuar, Yedek Parça",Dikiş Makinesi Aksesuarları Kahve makinesi aksesuarları,"14,0%",Teslimat +28 Gün,14.0,14.0
SDA,"Aksesuar, Yedek Parça",Elektrikli Mutfak Aleti Yedek Parça,"14,0%",Teslimat +28 Gün,14.0,14.0
SDA,"Aksesuar, Yedek Parça",Epilatör başlıkları ve Yedek parçalar,"14,0%",Teslimat +28 Gün,14.0,14.0
SDA,"Aksesuar, Yedek Parça",Hava Temizleme Aksesuarları Traş makinesi aksesuarları,"14,0%",Teslimat +28 Gün,14.0,14.0
SDA,"Aksesuar, Yedek Parça",Kahve değirmeni ve öğütücüler,"14,0%",Teslimat +28 Gün,14.0,14.0
SDA,"Aksesuar, Yedek Parça",Süpürge Aksesuarları,"14,0%",Teslimat +28 Gün,14.0,14.0
SDA,Elektrikli Kişisel Bakım Aletleri,Epilatörler,"13,0%",Teslimat +28 Gün,13.0,13.0
SDA,Elektrikli Kişisel Bakım Aletleri,Kişisel Bakım Aletleri,"13,0%",Teslimat +28 Gün,13.0,13.0
SDA,Elektrikli Kişisel Bakım Aletleri,Kıyma makineleri (Diğer),"13,0%",Teslimat +28 Gün,13.0,13.0
SDA,Elektrikli Kişisel Bakım Aletleri,Saç Kurutma Makineleri,"13,0%",Teslimat +28 Gün,13.0,13.0
SDA,Elektrikli Kişisel Bakım Aletleri,Saç Sakal Düzeltme Makineleri,"13,0%",Teslimat +28 Gün,13.0,13.0
SDA,Elektrikli Kişisel Bakım Aletleri,Tıraş Makineleri,"13,0%",Teslimat +28 Gün,13.0,13.0
SDA,Mutfak Gereçleri & Pişirme-Hazırlama,Basküller,"11,0%",Teslimat +28 Gün,11.0,11.0
SDA,Mutfak Gereçleri & Pişirme-Hazırlama,Blender,"11,0%",Teslimat +28 Gün,11.0,11.0
SDA,Mutfak Gereçleri & Pişirme-Hazırlama,Dikiş Makinaları,"11,0%",Teslimat +28 Gün,11.0,11.0
SDA,Mutfak Gereçleri & Pişirme-Hazırlama,Doğrayıcı / Rondo,"11,0%",Teslimat +28 Gün,11.0,11.0
SDA,Mutfak Gereçleri & Pişirme-Hazırlama,Ekmek Kızartma,"11,0%",Teslimat +28 Gün,11.0,11.0
SDA,Mutfak Gereçleri & Pişirme-Hazırlama,Ekmek Yapma Makinesi,"11,0%",Teslimat +28 Gün,11.0,11.0
SDA,Mutfak Gereçleri & Pişirme-Hazırlama,Elektikli Izgara- Barbekü,"11,0%",Teslimat +28 Gün,11.0,11.0
SDA,Mutfak Gereçleri & Pişirme-Hazırlama,Elektrikli Tencere/Tavalar,"11,0%",Teslimat +28 Gün,11.0,11.0
SDA,Mutfak Gereçleri & Pişirme-Hazırlama,Endüstriyel Mutfak Ürün ve Gereçleri,"12,72%",Teslimat +28 Gün,12.72,12.72
SDA,Mutfak Gereçleri & Pişirme-Hazırlama,Fritözler,"11,0%",Teslimat +28 Gün,11.0,11.0
SDA,Mutfak Gereçleri & Pişirme-Hazırlama,Hava Temizleme & Nemlendirme Cihazları,"11,0%",Teslimat +28 Gün,11.0,11.0
SDA,Mutfak Gereçleri & Pişirme-Hazırlama,Kahve Makineleri,"11,0%",Teslimat +28 Gün,11.0,11.0
SDA,Mutfak Gereçleri & Pişirme-Hazırlama,Kahve Öğütücü,"11,0%",Teslimat +28 Gün,11.0,11.0
SDA,Mutfak Gereçleri & Pişirme-Hazırlama,Kıyma Makineleri,"11,0%",Teslimat +28 Gün,11.0,11.0
SDA,Mutfak Gereçleri & Pişirme-Hazırlama,Meyve Sıkıcılar,"11,0%",Teslimat +28 Gün,11.0,11.0
SDA,Mutfak Gereçleri & Pişirme-Hazırlama,Mikser,"11,0%",Teslimat +28 Gün,11.0,11.0
SDA,Mutfak Gereçleri & Pişirme-Hazırlama,Mini-Midi Fırınlar,"11,0%",Teslimat +28 Gün,11.0,11.0
SDA,Mutfak Gereçleri & Pişirme-Hazırlama,Mutfak Robotları,"11,0%",Teslimat +28 Gün,11.0,11.0
SDA,Mutfak Gereçleri & Pişirme-Hazırlama,Mutfak Tartıları,"11,0%",Teslimat +28 Gün,11.0,11.0
SDA,Mutfak Gereçleri & Pişirme-Hazırlama,Su Isıtıcıları,"11,0%",Teslimat +28 Gün,11.0,11.0
SDA,Mutfak Gereçleri & Pişirme-Hazırlama,Tost Makinesi,"11,0%",Teslimat +28 Gün,11.0,11.0
SDA,Mutfak Gereçleri & Pişirme-Hazırlama,Çay Makineleri,"11,0%",Teslimat +28 Gün,11.0,11.0
SDA,Süpürge & Ütüler,Buharlı Temizlik Makinesi,"11,0%",Teslimat +28 Gün,11.0,11.0
SDA,Süpürge & Ütüler,Halı Yıkama Makinası,"11,0%",Teslimat +28 Gün,11.0,11.0
SDA,Süpürge & Ütüler,Sulu Süpürge,"11,0%",Teslimat +28 Gün,11.0,11.0
SDA,Süpürge & Ütüler,Süpürgeler,"11,0%",Teslimat +28 Gün,11.0,11.0
SDA,Süpürge & Ütüler,Ütüler,"11,0%",Teslimat +28 Gün,11.0,11.0
Sağlık Kişisel Bakım Ürünleri,Ağız Bakım Ürünleri,Diş Fırçaları,"15,0%",Teslimat +28 Gün,15.0,15.0
Sağlık Kişisel Bakım Ürünleri,Ağız Bakım Ürünleri,Diş Macunu,"15,0%",Teslimat +28 Gün,15.0,15.0
Sağlık Kişisel Bakım Ürünleri,Ağız Bakım Ürünleri,Diş İpleri,"15,0%",Teslimat +28 Gün,15.0,15.0
Sağlık Kişisel Bakım Ürünleri,Ağız Bakım Ürünleri,Gargara,"15,0%",Teslimat +28 Gün,15.0,15.0
Sağlık Kişisel Bakım Ürünleri,Güzellik Salonu & Kuaför Ürünleri,Ayak & Tırnak Bakımı,"15,0%",Teslimat +28 Gün,15.0,15.0
Sağlık Kişisel Bakım Ürünleri,Güzellik Salonu & Kuaför Ürünleri,Ağda ve Epilasyon,"15,0%",Teslimat +28 Gün,15.0,15.0
Sağlık Kişisel Bakım Ürünleri,Güzellik Salonu & Kuaför Ürünleri,Erkek Tıraş Ürünleri,"15,0%",Teslimat +28 Gün,15.0,15.0
Sağlık Kişisel Bakım Ürünleri,Güzellik Salonu & Kuaför Ürünleri,Güzellik Salonu & Kuaför Ürünleri,"15,0%",Teslimat +28 Gün,15.0,15.0
Sağlık Kişisel Bakım Ürünleri,Güzellik Salonu & Kuaför Ürünleri,Tıraş,"15,0%",Teslimat +28 Gün,15.0,15.0
Sağlık Kişisel Bakım Ürünleri,Sağlık / Kişisel Bakım Ürünleri,Aile Planlaması Ürünleri,"15,0%",Teslimat +28 Gün,15.0,15.0
Sağlık Kişisel Bakım Ürünleri,Sağlık / Kişisel Bakım Ürünleri,Besin Takviyeleri,"15,0%",Teslimat +28 Gün,15.0,15.0
Sağlık Kişisel Bakım Ürünleri,Sağlık / Kişisel Bakım Ürünleri,Deodorant,"15,0%",Teslimat +28 Gün,15.0,15.0
Sağlık Kişisel Bakım Ürünleri,Sağlık / Kişisel Bakım Ürünleri,Duş ve Banyo Ürünleri,"15,0%",Teslimat +28 Gün,15.0,15.0
Sağlık Kişisel Bakım Ürünleri,Sağlık / Kişisel Bakım Ürünleri,El ve Cilt Dezenfektan,"15,0%",Teslimat +28 Gün,15.0,15.0
Sağlık Kişisel Bakım Ürünleri,Sağlık / Kişisel Bakım Ürünleri,Kadın Pedleri & Hijyen Ürünleri,"15,0%",Teslimat +28 Gün,15.0,15.0
Sağlık Kişisel Bakım Ürünleri,Sağlık / Kişisel Bakım Ürünleri,Medikal Ürünler,"15,0%",Teslimat +28 Gün,15.0,15.0
Sağlık Kişisel Bakım Ürünleri,Sağlık / Kişisel Bakım Ürünleri,Sağlık Ürünleri,"15,0%",Teslimat +28 Gün,15.0,15.0
Sağlık Kişisel Bakım Ürünleri,Sağlık / Kişisel Bakım Ürünleri,Sporcu Besinleri,"15,0%",Teslimat +28 Gün,15.0,15.0
Sağlık Kişisel Bakım Ürünleri,Sağlık / Kişisel Bakım Ürünleri,Yetişkin Ürünler +18,"15,0%",Teslimat +28 Gün,15.0,15.0
Spor & Outdoor,Bisikletler ve Paten,Bisiklet,"10,0%",Teslimat +28 Gün,10.0,10.0
Spor & Outdoor,Bisikletler ve Paten,Elektrikli Bisiklet,"10,0%",Teslimat +28 Gün,10.0,10.0
Spor & Outdoor,Bisikletler ve Paten,Elektrikli Scooter,"10,0%",Teslimat +28 Gün,10.0,10.0
Spor & Outdoor,Fitness ve Kondisyon Ekipmanları,Dambıl,"13,0%",Teslimat +28 Gün,13.0,13.0
Spor & Outdoor,Fitness ve Kondisyon Ekipmanları,Fitness ve Kondisyon Ekipmanları,"13,0%",Teslimat +28 Gün,13.0,13.0
Spor & Outdoor,Fitness ve Kondisyon Ekipmanları,Kürek,"13,0%",Teslimat +28 Gün,13.0,13.0
Spor & Outdoor,Fitness ve Kondisyon Ekipmanları,Masaj Koltuğu,"13,0%",Teslimat +28 Gün,13.0,13.0
Spor & Outdoor,Fitness ve Kondisyon Ekipmanları,Pilates Topu,"13,0%",Teslimat +28 Gün,13.0,13.0
Spor & Outdoor,Fitness ve Kondisyon Ekipmanları,Vücut Geliştirme Aletleri,"13,0%",Teslimat +28 Gün,13.0,13.0
Spor & Outdoor,Fitness ve Kondisyon Ekipmanları,Vücut Geliştirme Ekipmanları,"13,0%",Teslimat +28 Gün,13.0,13.0
Spor & Outdoor,Fitness ve Kondisyon Ekipmanları,İnversiyon Aletleri,"13,0%",Teslimat +28 Gün,13.0,13.0
Spor & Outdoor,Outdoor-Deniz Ekipmanları,Balık Bulucu,"5,0%",Teslimat +28 Gün,5.0,5.0
Spor & Outdoor,Outdoor-Deniz Ekipmanları,Tekne,"5,0%",Teslimat +28 Gün,5.0,5.0
Spor & Outdoor,Outdoor-Deniz Ekipmanları,Tekne Motoru,"5,0%",Teslimat +28 Gün,5.0,5.0
Spor & Outdoor,Outdoor-Deniz Ekipmanları,Zodyak bot,"5,0%",Teslimat +28 Gün,5.0,5.0
Spor & Outdoor,Spor Aletleri,Kondisyon Bisikleti,"10,0%",Teslimat +28 Gün,10.0,10.0
Spor & Outdoor,Spor Aletleri,Koşu bandı,"10,0%",Teslimat +28 Gün,10.0,10.0
Spor Branşları,Spor Branşları,Atletizm,"13,0%",Teslimat +28 Gün,13.0,13.0
Spor Branşları,Spor Branşları,Basketbol,"13,0%",Teslimat +28 Gün,13.0,13.0
Spor Branşları,Spor Branşları,Binicilik,"13,0%",Teslimat +28 Gün,13.0,13.0
Spor Branşları,Spor Branşları,Futbol,"13,0%",Teslimat +28 Gün,13.0,13.0
Spor Branşları,Spor Branşları,Kaykay/Paten ve Diğer Spor Branşları Malzeme ve Ekipmanları,"13,0%",Teslimat +28 Gün,13.0,13.0
Spor Branşları,Spor Branşları,Tenis,"13,0%",Teslimat +28 Gün,13.0,13.0
Spor Branşları,Spor Branşları,Voleybol,"13,0%",Teslimat +28 Gün,13.0,13.0
Spor Branşları,Spor Branşları,Yüzme,"13,0%",Teslimat +28 Gün,13.0,13.0
TV,LCD Televizyon,LCD Televizyon,"6,0%",Teslimat +28 Gün,6.0,6.0
TV,LCD Televizyon,LED Televizyon,"6,0%",Teslimat +28 Gün,6.0,6.0
TV,LCD Televizyon,Smart TV,"6,0%",Teslimat +28 Gün,6.0,6.0
Taraftar Ürünleri,Taraftar Ürünleri,Hediyelik,"18,0%",Teslimat +28 Gün,18.0,18.0
Taraftar Ürünleri,Taraftar Ürünleri,Mug,"18,0%",Teslimat +28 Gün,18.0,18.0
Taraftar Ürünleri,Taraftar Ürünleri,Takı & Aksesuar,"18,0%",Teslimat +28 Gün,18.0,18.0
Taraftar Ürünleri,Taraftar Ürünleri,Taraftar Ürünleri,"18,0%",Teslimat +28 Gün,18.0,18.0
Temel Tüketim ve Gıda,İçecek ve Gıda Ürünleri,Aktar ürünleri,"15,0%",Teslimat +28 Gün,15.0,15.0
Temel Tüketim ve Gıda,İçecek ve Gıda Ürünleri,Atıştırmalıklar,"15,0%",Teslimat +28 Gün,15.0,15.0
Temel Tüketim ve Gıda,İçecek ve Gıda Ürünleri,Baharat,"15,0%",Teslimat +28 Gün,15.0,15.0
Temel Tüketim ve Gıda,İçecek ve Gıda Ürünleri,Gazlı ve Gazsız içecekler,"15,0%",Teslimat +28 Gün,15.0,15.0
Temel Tüketim ve Gıda,İçecek ve Gıda Ürünleri,Gıda Ürünleri,"15,0%",Teslimat +28 Gün,15.0,15.0
Temel Tüketim ve Gıda,İçecek ve Gıda Ürünleri,Hazır Yemek ve Konserve,"15,0%",Teslimat +28 Gün,15.0,15.0
Temel Tüketim ve Gıda,İçecek ve Gıda Ürünleri,Kahvaltılık,"15,0%",Teslimat +28 Gün,15.0,15.0
Temel Tüketim ve Gıda,İçecek ve Gıda Ürünleri,Kahve,"15,0%",Teslimat +28 Gün,15.0,15.0
Temel Tüketim ve Gıda,İçecek ve Gıda Ürünleri,Kuruyemiş,"15,0%",Teslimat +28 Gün,15.0,15.0
Temel Tüketim ve Gıda,İçecek ve Gıda Ürünleri,Sıvı yağlar,"15,0%",Teslimat +28 Gün,15.0,15.0
Temel Tüketim ve Gıda,İçecek ve Gıda Ürünleri,Yemek sosları,"15,0%",Teslimat +28 Gün,15.0,15.0
Temel Tüketim ve Gıda,İçecek ve Gıda Ürünleri,Çay,"15,0%",Teslimat +28 Gün,15.0,15.0
Temel Tüketim ve Gıda,İçecek ve Gıda Ürünleri,İçecek Şuruplar,"15,0%",Teslimat +28 Gün,15.0,15.0
Temel Tüketim ve Gıda,İçecek ve Gıda Ürünleri,Şarküteri,"15,0%",Teslimat +28 Gün,15.0,15.0
Yapı Market,Aydınlatma Ürünleri,Abarjurlar,"18,0%",Teslimat +28 Gün,18.0,18.0
Yapı Market,Aydınlatma Ürünleri,Aplikler,"18,0%",Teslimat +28 Gün,18.0,18.0
Yapı Market,Aydınlatma Ürünleri,Avizeler,"18,0%",Teslimat +28 Gün,18.0,18.0
Yapı Market,Aydınlatma Ürünleri,Aydınlatma ürünleri,"18,0%",Teslimat +28 Gün,18.0,18.0
Yapı Market,Aydınlatma Ürünleri,Dekoratif Aydınlatmalar,"18,0%",Teslimat +28 Gün,18.0,18.0
Yapı Market,Aydınlatma Ürünleri,Gece Lambaları,"18,0%",Teslimat +28 Gün,18.0,18.0
Yapı Market,Aydınlatma Ürünleri,Lambaderler,"18,0%",Teslimat +28 Gün,18.0,18.0
Yapı Market,Aydınlatma Ürünleri,Masa Lambaları,"18,0%",Teslimat +28 Gün,18.0,18.0
Yapı Market,Aydınlatma Ürünleri,Plafoyerler,"18,0%",Teslimat +28 Gün,18.0,18.0
Yapı Market,Aydınlatma Ürünleri,Sarkıt Avizeler,"18,0%",Teslimat +28 Gün,18.0,18.0
Yapı Market,Aydınlatma Ürünleri,Yılbaşı Aydınlatmaları,"18,0%",Teslimat +28 Gün,18.0,18.0
Yapı Market,Aydınlatma Ürünleri,Çocuk Odası Aydınlatmaları,"18,0%",Teslimat +28 Gün,18.0,18.0
Yapı Market,Banyo & Ev Gereçleri,Banyo Aksesuar,"16,0%",Teslimat +28 Gün,16.0,16.0
Yapı Market,Banyo & Ev Gereçleri,Banyo Dolap,"16,0%",Teslimat +28 Gün,16.0,16.0
Yapı Market,Banyo & Ev Gereçleri,Batarya,"15,0%",Teslimat +28 Gün,15.0,15.0
Yapı Market,Banyo & Ev Gereçleri,Boya ve Aksesuarları,"16,0%",Teslimat +28 Gün,16.0,16.0
Yapı Market,Banyo & Ev Gereçleri,Duş Sistemleri,"15,0%",Teslimat +28 Gün,15.0,15.0
Yapı Market,Banyo & Ev Gereçleri,Duşa Kabin,"15,0%",Teslimat +28 Gün,15.0,15.0
Yapı Market,Banyo & Ev Gereçleri,Musluk,"15,0%",Teslimat +28 Gün,15.0,15.0
Yapı Market,Banyo & Ev Gereçleri,Vitrifiyeler,"15,0%",Teslimat +28 Gün,15.0,15.0
Yapı Market,Elektrik ve Aydınlatma ürünleri,Ampül,"18,0%",Teslimat +28 Gün,18.0,18.0
Yapı Market,Elektrik ve Aydınlatma ürünleri,Anahtar,"18,0%",Teslimat +28 Gün,18.0,18.0
Yapı Market,Elektrik ve Aydınlatma ürünleri,Elektrik ürünleri,"18,0%",Teslimat +28 Gün,18.0,18.0
Yapı Market,Elektrik ve Aydınlatma ürünleri,Grup priz,"18,0%",Teslimat +28 Gün,18.0,18.0
Yapı Market,Elektrik ve Aydınlatma ürünleri,Priz,"18,0%",Teslimat +28 Gün,18.0,18.0
Yapı Market,Hırdavat,Endüstriyel Temizlik Ürünleri,"18,0%",Teslimat +28 Gün,18.0,18.0
Yapı Market,Hırdavat,Hırdavat & Nalburiye ürünleri,"18,0%",Teslimat +28 Gün,18.0,18.0
Yapı Market,Hırdavat,Merdivenler,"18,0%",Teslimat +28 Gün,18.0,18.0
Yapı Market,Hırdavat,İnşaat malzemeleri,"18,0%",Teslimat +28 Gün,18.0,18.0
Yapı Market,Hırdavat,İş güvenliği Ürünleri,"18,0%",Teslimat +28 Gün,18.0,18.0
Yapı Market,Jeneratör,Benzinli ve Dizel Jeneratörler,"14,0%",Teslimat +28 Gün,14.0,14.0
Züccaciye,Sofra & Mutfak Gereçleri,Cam Ürünleri,"18,0%",Teslimat +28 Gün,18.0,18.0
Züccaciye,Sofra & Mutfak Gereçleri,Düdüklü Tencelere,"18,0%",Teslimat +28 Gün,18.0,18.0
Züccaciye,Sofra & Mutfak Gereçleri,Ev Gereçleri,"18,0%",Teslimat +28 Gün,18.0,18.0
Züccaciye,Sofra & Mutfak Gereçleri,Porselenler,"18,0%",Teslimat +28 Gün,18.0,18.0
Züccaciye,Sofra & Mutfak Gereçleri,Pratik Ev Gerekçleri,"18,0%",Teslimat +28 Gün,18.0,18.0
Züccaciye,Sofra & Mutfak Gereçleri,Servis Tabakları,"18,0%",Teslimat +28 Gün,18.0,18.0
Züccaciye,Sofra & Mutfak Gereçleri,Sofra Mutfak Gereçleri,"18,0%",Teslimat +28 Gün,18.0,18.0
Züccaciye,Sofra & Mutfak Gereçleri,Tavalar,"18,0%",Teslimat +28 Gün,18.0,18.0
Züccaciye,Sofra & Mutfak Gereçleri,Tencereler,"18,0%",Teslimat +28 Gün,18.0,18.0
Züccaciye,Sofra & Mutfak Gereçleri,Yemek Takımı,"18,0%",Teslimat +28 Gün,18.0,18.0
Züccaciye,Sofra & Mutfak Gereçleri,Çatal / Katış / Bıçak Takımları,"18,0%",Teslimat +28 Gün,18.0,18.0
Züccaciye,Sofra & Mutfak Gereçleri,Çaydanlık & Cezveler,"18,0%",Teslimat +28 Gün,18.0,18.0
Çanta,Valiz Bavul,Bavul,"18,0%",Teslimat +28 Gün,18.0,18.0
Çanta,Valiz Bavul,Seyahat Çantası,"18,0%",Teslimat +28 Gün,18.0,18.0
Çanta,Valiz Bavul,Valiz,"18,0%",Teslimat +28 Gün,18.0,18.0
Çanta,Çanta,Abiye Çanta,"18,0%",Teslimat +28 Gün,18.0,18.0
Çanta,Çanta,Dağcılık ve Kamp Çantası,"18,0%",Teslimat +28 Gün,18.0,18.0
Çanta,Çanta,Günlük Çanta,"18,0%",Teslimat +28 Gün,18.0,18.0
Çanta,Çanta,Plaj Çantası,"18,0%",Teslimat +28 Gün,18.0,18.0
Çanta,Çanta,Spor Çanta,"18,0%",Teslimat +28 Gün,18.0,18.0
Çanta,Çanta,Sırt Çantası,"18,0%",Teslimat +28 Gün,18.0,18.0
